-- phpMyAdmin SQL Dump
-- version 5.1.1
-- https://www.phpmyadmin.net/
--
-- Host: localhost
-- Generation Time: Sep 17, 2025 at 04:14 PM
-- Server version: 8.0.27
-- PHP Version: 8.2.20

SET SQL_MODE = "NO_AUTO_VALUE_ON_ZERO";
START TRANSACTION;
SET time_zone = "+00:00";


/*!40101 SET @OLD_CHARACTER_SET_CLIENT=@@CHARACTER_SET_CLIENT */;
/*!40101 SET @OLD_CHARACTER_SET_RESULTS=@@CHARACTER_SET_RESULTS */;
/*!40101 SET @OLD_COLLATION_CONNECTION=@@COLLATION_CONNECTION */;
/*!40101 SET NAMES utf8mb4 */;

--
-- Database: `enthubdata`
--

-- --------------------------------------------------------

--
-- Table structure for table `bookings`
--

CREATE TABLE `bookings` (
  `id` int NOT NULL,
  `consultant_id` int NOT NULL,
  `booking_date` date NOT NULL
) ENGINE=InnoDB DEFAULT CHARSET=utf8mb4 COLLATE=utf8mb4_0900_ai_ci;

--
-- Dumping data for table `bookings`
--

INSERT INTO `bookings` (`id`, `consultant_id`, `booking_date`) VALUES
(1, 1, '2025-01-20'),
(2, 1, '2025-01-07'),
(3, 1, '2025-01-02'),
(4, 1, '2025-02-18'),
(5, 1, '2025-02-20'),
(6, 1, '2025-02-10'),
(7, 1, '2025-02-03'),
(8, 1, '2025-02-27'),
(9, 1, '2025-03-10'),
(10, 1, '2025-03-20'),
(11, 1, '2025-03-03'),
(12, 1, '2025-03-17'),
(13, 1, '2025-03-31'),
(14, 1, '2025-03-24'),
(15, 1, '2025-04-03'),
(16, 1, '2025-04-14'),
(17, 1, '2025-04-07'),
(18, 1, '2025-04-17'),
(19, 1, '2025-04-22'),
(20, 1, '2025-05-05'),
(21, 1, '2025-05-27'),
(22, 1, '2025-05-08'),
(23, 1, '2025-05-26'),
(24, 1, '2025-05-01'),
(25, 1, '2025-06-23'),
(26, 1, '2025-06-10'),
(27, 1, '2025-06-03'),
(28, 1, '2025-06-12'),
(29, 1, '2025-07-01'),
(30, 1, '2025-07-03'),
(31, 1, '2025-07-07'),
(32, 1, '2025-07-08'),
(33, 1, '2025-07-10'),
(34, 1, '2025-07-14'),
(35, 1, '2025-07-15'),
(36, 1, '2025-07-17'),
(37, 1, '2025-07-21'),
(38, 1, '2025-07-22'),
(39, 1, '2025-07-24'),
(40, 1, '2025-07-28'),
(41, 1, '2025-07-29'),
(42, 1, '2025-07-31'),
(43, 1, '2025-09-08'),
(44, 1, '2025-09-29'),
(45, 1, '2025-09-23'),
(46, 1, '2025-09-22'),
(47, 1, '2025-11-18'),
(48, 1, '2025-11-03'),
(49, 1, '2025-11-04'),
(50, 1, '2025-11-24'),
(51, 1, '2025-11-10'),
(52, 1, '2025-11-27'),
(53, 1, '2025-12-18'),
(54, 1, '2025-12-04'),
(55, 1, '2025-12-23'),
(56, 2, '2025-01-02'),
(57, 2, '2025-01-22'),
(58, 2, '2025-01-09'),
(59, 2, '2025-01-15'),
(60, 2, '2025-01-16'),
(61, 2, '2025-01-08'),
(62, 2, '2025-02-06'),
(63, 2, '2025-02-13'),
(64, 2, '2025-02-12'),
(65, 2, '2025-02-26'),
(66, 2, '2025-03-05'),
(67, 2, '2025-03-06'),
(68, 2, '2025-03-12'),
(69, 2, '2025-03-13'),
(70, 2, '2025-03-19'),
(71, 2, '2025-03-20'),
(72, 2, '2025-03-26'),
(73, 2, '2025-03-27'),
(74, 2, '2025-04-10'),
(75, 2, '2025-04-02'),
(76, 2, '2025-04-24'),
(77, 2, '2025-04-09'),
(78, 2, '2025-05-15'),
(79, 2, '2025-05-08'),
(80, 2, '2025-05-07'),
(81, 2, '2025-05-21'),
(82, 2, '2025-05-28'),
(83, 2, '2025-05-22'),
(84, 2, '2025-06-05'),
(85, 2, '2025-06-18'),
(86, 2, '2025-06-19'),
(87, 2, '2025-07-24'),
(88, 2, '2025-07-03'),
(89, 2, '2025-07-17'),
(90, 2, '2025-07-31'),
(91, 2, '2025-07-30'),
(92, 2, '2025-07-10'),
(93, 2, '2025-08-06'),
(94, 2, '2025-08-14'),
(95, 2, '2025-08-27'),
(96, 2, '2025-09-24'),
(97, 2, '2025-09-04'),
(98, 2, '2025-09-18'),
(99, 2, '2025-10-15'),
(100, 2, '2025-10-01'),
(101, 2, '2025-10-22'),
(102, 2, '2025-10-09'),
(103, 2, '2025-11-12'),
(104, 2, '2025-11-13'),
(105, 2, '2025-11-27'),
(106, 3, '2025-01-03'),
(107, 3, '2025-01-24'),
(108, 3, '2025-01-31'),
(109, 3, '2025-01-21'),
(110, 3, '2025-01-20'),
(111, 3, '2025-02-03'),
(112, 3, '2025-02-25'),
(113, 3, '2025-02-07'),
(114, 3, '2025-02-24'),
(115, 3, '2025-02-21'),
(116, 3, '2025-02-10'),
(117, 3, '2025-04-11'),
(118, 3, '2025-04-01'),
(119, 3, '2025-04-07'),
(120, 3, '2025-04-21'),
(121, 3, '2025-05-06'),
(122, 3, '2025-05-16'),
(123, 3, '2025-05-09'),
(124, 3, '2025-06-02'),
(125, 3, '2025-06-03'),
(126, 3, '2025-06-06'),
(127, 3, '2025-06-09'),
(128, 3, '2025-06-10'),
(129, 3, '2025-06-13'),
(130, 3, '2025-06-16'),
(131, 3, '2025-06-17'),
(132, 3, '2025-06-20'),
(133, 3, '2025-06-23'),
(134, 3, '2025-06-24'),
(135, 3, '2025-06-27'),
(136, 3, '2025-06-30'),
(137, 3, '2025-07-21'),
(138, 3, '2025-07-07'),
(139, 3, '2025-07-08'),
(140, 3, '2025-08-18'),
(141, 3, '2025-08-22'),
(142, 3, '2025-08-25'),
(143, 3, '2025-08-04'),
(144, 3, '2025-09-08'),
(145, 3, '2025-09-09'),
(146, 3, '2025-09-12'),
(147, 3, '2025-09-15'),
(148, 3, '2025-10-21'),
(149, 3, '2025-10-28'),
(150, 3, '2025-10-31'),
(151, 3, '2025-10-07'),
(152, 3, '2025-10-24'),
(153, 3, '2025-11-03'),
(154, 3, '2025-11-04'),
(155, 3, '2025-11-07'),
(156, 3, '2025-11-10'),
(157, 3, '2025-11-11'),
(158, 3, '2025-11-14'),
(159, 3, '2025-11-17'),
(160, 3, '2025-11-18'),
(161, 3, '2025-11-21'),
(162, 3, '2025-11-24'),
(163, 3, '2025-11-25'),
(164, 3, '2025-11-28'),
(165, 3, '2025-12-01'),
(166, 3, '2025-12-02'),
(167, 3, '2025-12-05'),
(168, 3, '2025-12-08'),
(169, 3, '2025-12-09'),
(170, 3, '2025-12-12'),
(171, 3, '2025-12-15'),
(172, 3, '2025-12-16'),
(173, 3, '2025-12-19'),
(174, 3, '2025-12-22'),
(175, 3, '2025-12-23'),
(176, 3, '2025-12-26'),
(177, 3, '2025-12-29'),
(178, 3, '2025-12-30'),
(179, 4, '2025-01-02'),
(180, 4, '2025-01-16'),
(181, 4, '2025-01-08'),
(182, 4, '2025-01-13'),
(183, 4, '2025-01-27'),
(184, 4, '2025-01-09'),
(185, 4, '2025-02-26'),
(186, 4, '2025-02-03'),
(187, 4, '2025-02-27'),
(188, 4, '2025-03-17'),
(189, 4, '2025-03-19'),
(190, 4, '2025-03-10'),
(191, 4, '2025-03-06'),
(192, 4, '2025-03-20'),
(193, 4, '2025-03-31'),
(194, 4, '2025-04-30'),
(195, 4, '2025-04-07'),
(196, 4, '2025-04-03'),
(197, 4, '2025-04-23'),
(198, 4, '2025-05-15'),
(199, 4, '2025-05-01'),
(200, 4, '2025-05-07'),
(201, 4, '2025-05-05'),
(202, 4, '2025-05-22'),
(203, 4, '2025-06-19'),
(204, 4, '2025-06-02'),
(205, 4, '2025-06-11'),
(206, 4, '2025-07-23'),
(207, 4, '2025-07-03'),
(208, 4, '2025-07-16'),
(209, 4, '2025-07-21'),
(210, 4, '2025-07-24'),
(211, 4, '2025-09-15'),
(212, 4, '2025-09-03'),
(213, 4, '2025-09-18'),
(214, 4, '2025-09-10'),
(215, 4, '2025-10-30'),
(216, 4, '2025-10-22'),
(217, 4, '2025-10-27'),
(218, 4, '2025-10-13'),
(219, 4, '2025-10-15'),
(220, 4, '2025-10-02'),
(221, 4, '2025-12-24'),
(222, 4, '2025-12-18'),
(223, 4, '2025-12-04'),
(224, 4, '2025-12-22'),
(225, 4, '2025-12-01'),
(226, 4, '2025-12-29'),
(227, 5, '2025-01-31'),
(228, 5, '2025-01-30'),
(229, 5, '2025-01-17'),
(230, 5, '2025-01-24'),
(231, 5, '2025-02-27'),
(232, 5, '2025-02-20'),
(233, 5, '2025-02-25'),
(234, 5, '2025-02-18'),
(235, 5, '2025-02-07'),
(236, 5, '2025-03-07'),
(237, 5, '2025-03-27'),
(238, 5, '2025-03-06'),
(239, 5, '2025-03-20'),
(240, 5, '2025-03-18'),
(241, 5, '2025-03-25'),
(242, 5, '2025-05-01'),
(243, 5, '2025-05-20'),
(244, 5, '2025-05-08'),
(245, 5, '2025-06-10'),
(246, 5, '2025-06-13'),
(247, 5, '2025-06-06'),
(248, 5, '2025-06-26'),
(249, 5, '2025-06-27'),
(250, 5, '2025-07-01'),
(251, 5, '2025-07-29'),
(252, 5, '2025-07-03'),
(253, 5, '2025-07-25'),
(254, 5, '2025-07-04'),
(255, 5, '2025-08-28'),
(256, 5, '2025-08-05'),
(257, 5, '2025-08-14'),
(258, 5, '2025-08-19'),
(259, 5, '2025-08-15'),
(260, 5, '2025-08-01'),
(261, 5, '2025-09-25'),
(262, 5, '2025-09-30'),
(263, 5, '2025-09-09'),
(264, 5, '2025-09-16'),
(265, 5, '2025-10-09'),
(266, 5, '2025-10-10'),
(267, 5, '2025-10-16'),
(268, 6, '2025-01-08'),
(269, 6, '2025-01-31'),
(270, 6, '2025-01-13'),
(271, 6, '2025-01-22'),
(272, 6, '2025-02-03'),
(273, 6, '2025-02-05'),
(274, 6, '2025-02-07'),
(275, 6, '2025-02-10'),
(276, 6, '2025-02-12'),
(277, 6, '2025-02-14'),
(278, 6, '2025-02-17'),
(279, 6, '2025-02-19'),
(280, 6, '2025-02-21'),
(281, 6, '2025-02-24'),
(282, 6, '2025-02-26'),
(283, 6, '2025-02-28'),
(284, 6, '2025-03-03'),
(285, 6, '2025-03-12'),
(286, 6, '2025-03-28'),
(287, 6, '2025-03-19'),
(288, 6, '2025-03-05'),
(289, 6, '2025-03-26'),
(290, 6, '2025-04-14'),
(291, 6, '2025-04-23'),
(292, 6, '2025-04-30'),
(293, 6, '2025-04-18'),
(294, 6, '2025-06-18'),
(295, 6, '2025-06-04'),
(296, 6, '2025-06-25'),
(297, 6, '2025-06-09'),
(298, 6, '2025-06-02'),
(299, 6, '2025-06-30'),
(300, 6, '2025-07-28'),
(301, 6, '2025-07-11'),
(302, 6, '2025-07-14'),
(303, 6, '2025-07-09'),
(304, 6, '2025-07-07'),
(305, 6, '2025-07-02'),
(306, 6, '2025-08-11'),
(307, 6, '2025-08-04'),
(308, 6, '2025-08-20'),
(309, 6, '2025-08-13'),
(310, 6, '2025-08-15'),
(311, 6, '2025-09-22'),
(312, 6, '2025-09-26'),
(313, 6, '2025-09-29'),
(314, 6, '2025-09-19'),
(315, 6, '2025-09-12'),
(316, 6, '2025-10-20'),
(317, 6, '2025-10-31'),
(318, 6, '2025-10-03'),
(319, 6, '2025-10-27'),
(320, 6, '2025-10-29'),
(321, 6, '2025-11-05'),
(322, 6, '2025-11-21'),
(323, 6, '2025-11-12'),
(324, 6, '2025-11-10'),
(325, 6, '2025-12-24'),
(326, 6, '2025-12-08'),
(327, 6, '2025-12-10'),
(328, 6, '2025-12-19'),
(329, 6, '2025-12-29'),
(330, 7, '2025-01-28'),
(331, 7, '2025-01-02'),
(332, 7, '2025-01-30'),
(333, 7, '2025-01-21'),
(334, 7, '2025-02-11'),
(335, 7, '2025-02-27'),
(336, 7, '2025-02-06'),
(337, 7, '2025-03-18'),
(338, 7, '2025-03-11'),
(339, 7, '2025-03-25'),
(340, 7, '2025-03-20'),
(341, 7, '2025-03-13'),
(342, 7, '2025-03-06'),
(343, 7, '2025-04-24'),
(344, 7, '2025-04-03'),
(345, 7, '2025-04-29'),
(346, 7, '2025-04-15'),
(347, 7, '2025-04-22'),
(348, 7, '2025-04-01'),
(349, 7, '2025-07-29'),
(350, 7, '2025-07-24'),
(351, 7, '2025-07-15'),
(352, 7, '2025-08-12'),
(353, 7, '2025-08-05'),
(354, 7, '2025-08-28'),
(355, 7, '2025-08-26'),
(356, 7, '2025-09-30'),
(357, 7, '2025-09-16'),
(358, 7, '2025-09-25'),
(359, 7, '2025-09-04'),
(360, 7, '2025-10-21'),
(361, 7, '2025-10-16'),
(362, 7, '2025-10-09'),
(363, 7, '2025-11-04'),
(364, 7, '2025-11-06'),
(365, 7, '2025-11-11'),
(366, 7, '2025-11-13'),
(367, 7, '2025-11-18'),
(368, 7, '2025-11-20'),
(369, 7, '2025-11-25'),
(370, 7, '2025-11-27'),
(371, 7, '2025-12-25'),
(372, 7, '2025-12-30'),
(373, 7, '2025-12-09'),
(374, 7, '2025-12-02'),
(375, 7, '2025-12-18'),
(376, 8, '2025-01-08'),
(377, 8, '2025-01-24'),
(378, 8, '2025-01-23'),
(379, 8, '2025-01-02'),
(380, 8, '2025-01-31'),
(381, 8, '2025-01-10'),
(382, 8, '2025-02-28'),
(383, 8, '2025-02-06'),
(384, 8, '2025-02-20'),
(385, 8, '2025-03-05'),
(386, 8, '2025-03-12'),
(387, 8, '2025-03-27'),
(388, 8, '2025-03-21'),
(389, 8, '2025-04-02'),
(390, 8, '2025-04-18'),
(391, 8, '2025-04-04'),
(392, 8, '2025-04-16'),
(393, 8, '2025-05-30'),
(394, 8, '2025-05-14'),
(395, 8, '2025-05-21'),
(396, 8, '2025-05-15'),
(397, 8, '2025-05-16'),
(398, 8, '2025-05-09'),
(399, 8, '2025-06-27'),
(400, 8, '2025-06-25'),
(401, 8, '2025-06-20'),
(402, 8, '2025-06-12'),
(403, 8, '2025-07-03'),
(404, 8, '2025-07-23'),
(405, 8, '2025-07-24'),
(406, 8, '2025-07-30'),
(407, 8, '2025-09-03'),
(408, 8, '2025-09-17'),
(409, 8, '2025-09-19'),
(410, 8, '2025-09-04'),
(411, 8, '2025-09-24'),
(412, 8, '2025-10-24'),
(413, 8, '2025-10-22'),
(414, 8, '2025-10-30'),
(415, 8, '2025-10-15'),
(416, 8, '2025-10-29'),
(417, 8, '2025-10-02'),
(418, 8, '2025-11-20'),
(419, 8, '2025-11-13'),
(420, 8, '2025-11-28'),
(421, 8, '2025-11-14'),
(422, 9, '2025-01-16'),
(423, 9, '2025-01-03'),
(424, 9, '2025-01-28'),
(425, 9, '2025-01-07'),
(426, 9, '2025-02-28'),
(427, 9, '2025-02-13'),
(428, 9, '2025-02-21'),
(429, 9, '2025-02-10'),
(430, 9, '2025-02-11'),
(431, 9, '2025-02-20'),
(432, 9, '2025-03-03'),
(433, 9, '2025-03-04'),
(434, 9, '2025-03-06'),
(435, 9, '2025-03-07'),
(436, 9, '2025-03-10'),
(437, 9, '2025-03-11'),
(438, 9, '2025-03-13'),
(439, 9, '2025-03-14'),
(440, 9, '2025-03-17'),
(441, 9, '2025-03-18'),
(442, 9, '2025-03-20'),
(443, 9, '2025-03-21'),
(444, 9, '2025-03-24'),
(445, 9, '2025-03-25'),
(446, 9, '2025-03-27'),
(447, 9, '2025-03-28'),
(448, 9, '2025-03-31'),
(449, 9, '2025-04-01'),
(450, 9, '2025-04-03'),
(451, 9, '2025-04-04'),
(452, 9, '2025-04-07'),
(453, 9, '2025-04-08'),
(454, 9, '2025-04-10'),
(455, 9, '2025-04-11'),
(456, 9, '2025-04-14'),
(457, 9, '2025-04-15'),
(458, 9, '2025-04-17'),
(459, 9, '2025-04-18'),
(460, 9, '2025-04-21'),
(461, 9, '2025-04-22'),
(462, 9, '2025-04-24'),
(463, 9, '2025-04-25'),
(464, 9, '2025-04-28'),
(465, 9, '2025-04-29'),
(466, 9, '2025-05-13'),
(467, 9, '2025-05-30'),
(468, 9, '2025-05-22'),
(469, 9, '2025-05-19'),
(470, 9, '2025-05-08'),
(471, 9, '2025-05-15'),
(472, 9, '2025-06-17'),
(473, 9, '2025-06-10'),
(474, 9, '2025-06-30'),
(475, 9, '2025-06-03'),
(476, 9, '2025-07-14'),
(477, 9, '2025-07-29'),
(478, 9, '2025-07-22'),
(479, 9, '2025-07-21'),
(480, 9, '2025-07-15'),
(481, 9, '2025-08-22'),
(482, 9, '2025-08-14'),
(483, 9, '2025-08-26'),
(484, 9, '2025-08-19'),
(485, 9, '2025-08-07'),
(486, 9, '2025-09-25'),
(487, 9, '2025-09-08'),
(488, 9, '2025-09-18'),
(489, 9, '2025-09-12'),
(490, 9, '2025-10-02'),
(491, 9, '2025-10-03'),
(492, 9, '2025-10-06'),
(493, 9, '2025-10-07'),
(494, 9, '2025-10-09'),
(495, 9, '2025-10-10'),
(496, 9, '2025-10-13'),
(497, 9, '2025-10-14'),
(498, 9, '2025-10-16'),
(499, 9, '2025-10-17'),
(500, 9, '2025-10-20'),
(501, 9, '2025-10-21'),
(502, 9, '2025-10-23'),
(503, 9, '2025-10-24'),
(504, 9, '2025-10-27'),
(505, 9, '2025-10-28'),
(506, 9, '2025-10-30'),
(507, 9, '2025-10-31'),
(508, 9, '2025-11-14'),
(509, 9, '2025-11-11'),
(510, 9, '2025-11-27'),
(511, 9, '2025-11-07'),
(512, 9, '2025-11-18'),
(513, 9, '2025-12-12'),
(514, 9, '2025-12-04'),
(515, 9, '2025-12-18'),
(516, 9, '2025-12-08'),
(517, 9, '2025-12-22'),
(518, 10, '2025-01-23'),
(519, 10, '2025-01-16'),
(520, 10, '2025-01-21'),
(521, 10, '2025-01-30'),
(522, 10, '2025-01-07'),
(523, 10, '2025-02-25'),
(524, 10, '2025-02-06'),
(525, 10, '2025-02-04'),
(526, 10, '2025-02-27'),
(527, 10, '2025-02-20'),
(528, 10, '2025-03-25'),
(529, 10, '2025-03-27'),
(530, 10, '2025-03-18'),
(531, 10, '2025-03-11'),
(532, 10, '2025-03-20'),
(533, 10, '2025-04-08'),
(534, 10, '2025-04-24'),
(535, 10, '2025-04-29'),
(536, 10, '2025-06-10'),
(537, 10, '2025-06-05'),
(538, 10, '2025-06-03'),
(539, 10, '2025-06-24'),
(540, 10, '2025-08-05'),
(541, 10, '2025-08-07'),
(542, 10, '2025-08-12'),
(543, 10, '2025-08-14'),
(544, 10, '2025-08-19'),
(545, 10, '2025-08-21'),
(546, 10, '2025-08-26'),
(547, 10, '2025-08-28'),
(548, 10, '2025-09-02'),
(549, 10, '2025-09-04'),
(550, 10, '2025-09-09'),
(551, 10, '2025-09-11'),
(552, 10, '2025-09-16'),
(553, 10, '2025-09-18'),
(554, 10, '2025-09-23'),
(555, 10, '2025-09-25'),
(556, 10, '2025-09-30'),
(557, 10, '2025-10-30'),
(558, 10, '2025-10-23'),
(559, 10, '2025-10-14'),
(560, 10, '2025-10-16'),
(561, 10, '2025-10-02'),
(562, 10, '2025-12-16'),
(563, 10, '2025-12-23'),
(564, 10, '2025-12-09'),
(565, 11, '2025-01-31'),
(566, 11, '2025-01-24'),
(567, 11, '2025-01-20'),
(568, 11, '2025-02-10'),
(569, 11, '2025-02-03'),
(570, 11, '2025-02-18'),
(571, 11, '2025-02-25'),
(572, 11, '2025-02-17'),
(573, 11, '2025-03-18'),
(574, 11, '2025-03-25'),
(575, 11, '2025-03-14'),
(576, 11, '2025-03-04'),
(577, 11, '2025-04-29'),
(578, 11, '2025-04-11'),
(579, 11, '2025-04-22'),
(580, 11, '2025-04-28'),
(581, 11, '2025-05-05'),
(582, 11, '2025-05-23'),
(583, 11, '2025-05-19'),
(584, 11, '2025-05-09'),
(585, 11, '2025-05-16'),
(586, 11, '2025-05-30'),
(587, 11, '2025-06-02'),
(588, 11, '2025-06-03'),
(589, 11, '2025-06-06'),
(590, 11, '2025-06-09'),
(591, 11, '2025-06-10'),
(592, 11, '2025-06-13'),
(593, 11, '2025-06-16'),
(594, 11, '2025-06-17'),
(595, 11, '2025-06-20'),
(596, 11, '2025-06-23'),
(597, 11, '2025-06-24'),
(598, 11, '2025-06-27'),
(599, 11, '2025-06-30'),
(600, 11, '2025-07-01'),
(601, 11, '2025-07-04'),
(602, 11, '2025-07-07'),
(603, 11, '2025-07-08'),
(604, 11, '2025-07-11'),
(605, 11, '2025-07-14'),
(606, 11, '2025-07-15'),
(607, 11, '2025-07-18'),
(608, 11, '2025-07-21'),
(609, 11, '2025-07-22'),
(610, 11, '2025-07-25'),
(611, 11, '2025-07-28'),
(612, 11, '2025-07-29'),
(613, 11, '2025-08-01'),
(614, 11, '2025-08-04'),
(615, 11, '2025-08-05'),
(616, 11, '2025-08-08'),
(617, 11, '2025-08-11'),
(618, 11, '2025-08-12'),
(619, 11, '2025-08-15'),
(620, 11, '2025-08-18'),
(621, 11, '2025-08-19'),
(622, 11, '2025-08-22'),
(623, 11, '2025-08-25'),
(624, 11, '2025-08-26'),
(625, 11, '2025-08-29'),
(626, 11, '2025-09-19'),
(627, 11, '2025-09-22'),
(628, 11, '2025-09-26'),
(629, 11, '2025-11-28'),
(630, 11, '2025-11-03'),
(631, 11, '2025-11-14'),
(632, 11, '2025-11-04'),
(633, 11, '2025-11-18'),
(634, 11, '2025-12-01'),
(635, 11, '2025-12-12'),
(636, 11, '2025-12-30'),
(637, 11, '2025-12-08'),
(638, 12, '2025-01-31'),
(639, 12, '2025-01-09'),
(640, 12, '2025-01-03'),
(641, 12, '2025-01-24'),
(642, 12, '2025-01-08'),
(643, 12, '2025-02-06'),
(644, 12, '2025-02-12'),
(645, 12, '2025-02-27'),
(646, 12, '2025-02-05'),
(647, 12, '2025-04-18'),
(648, 12, '2025-04-03'),
(649, 12, '2025-04-24'),
(650, 12, '2025-04-02'),
(651, 12, '2025-05-01'),
(652, 12, '2025-05-02'),
(653, 12, '2025-05-07'),
(654, 12, '2025-05-08'),
(655, 12, '2025-05-09'),
(656, 12, '2025-05-14'),
(657, 12, '2025-05-15'),
(658, 12, '2025-05-16'),
(659, 12, '2025-05-21'),
(660, 12, '2025-05-22'),
(661, 12, '2025-05-23'),
(662, 12, '2025-05-28'),
(663, 12, '2025-05-29'),
(664, 12, '2025-05-30'),
(665, 12, '2025-06-20'),
(666, 12, '2025-06-27'),
(667, 12, '2025-06-12'),
(668, 12, '2025-06-13'),
(669, 12, '2025-06-25'),
(670, 12, '2025-06-06'),
(671, 12, '2025-07-02'),
(672, 12, '2025-07-23'),
(673, 12, '2025-07-10'),
(674, 12, '2025-08-29'),
(675, 12, '2025-08-07'),
(676, 12, '2025-08-06'),
(677, 12, '2025-08-28'),
(678, 12, '2025-09-17'),
(679, 12, '2025-09-18'),
(680, 12, '2025-09-25'),
(681, 12, '2025-11-27'),
(682, 12, '2025-11-20'),
(683, 12, '2025-11-05'),
(684, 12, '2025-11-26'),
(685, 12, '2025-11-07'),
(686, 13, '2025-01-29'),
(687, 13, '2025-01-17'),
(688, 13, '2025-01-08'),
(689, 13, '2025-04-16'),
(690, 13, '2025-04-02'),
(691, 13, '2025-04-18'),
(692, 13, '2025-04-23'),
(693, 13, '2025-04-25'),
(694, 13, '2025-04-07'),
(695, 13, '2025-05-30'),
(696, 13, '2025-05-02'),
(697, 13, '2025-05-28'),
(698, 13, '2025-06-23'),
(699, 13, '2025-06-04'),
(700, 13, '2025-06-27'),
(701, 13, '2025-06-18'),
(702, 13, '2025-07-02'),
(703, 13, '2025-07-21'),
(704, 13, '2025-07-18'),
(705, 13, '2025-07-11'),
(706, 13, '2025-08-01'),
(707, 13, '2025-08-04'),
(708, 13, '2025-08-06'),
(709, 13, '2025-08-08'),
(710, 13, '2025-08-11'),
(711, 13, '2025-08-13'),
(712, 13, '2025-08-15'),
(713, 13, '2025-08-18'),
(714, 13, '2025-08-20'),
(715, 13, '2025-08-22'),
(716, 13, '2025-08-25'),
(717, 13, '2025-08-27'),
(718, 13, '2025-08-29'),
(719, 13, '2025-09-12'),
(720, 13, '2025-09-24'),
(721, 13, '2025-09-29'),
(722, 13, '2025-09-17'),
(723, 13, '2025-09-22'),
(724, 13, '2025-09-03'),
(725, 13, '2025-12-29'),
(726, 13, '2025-12-10'),
(727, 13, '2025-12-01'),
(728, 13, '2025-12-19'),
(729, 13, '2025-12-12'),
(730, 14, '2025-01-02'),
(731, 14, '2025-01-03'),
(732, 14, '2025-01-07'),
(733, 14, '2025-01-09'),
(734, 14, '2025-01-10'),
(735, 14, '2025-01-14'),
(736, 14, '2025-01-16'),
(737, 14, '2025-01-17'),
(738, 14, '2025-01-21'),
(739, 14, '2025-01-23'),
(740, 14, '2025-01-24'),
(741, 14, '2025-01-28'),
(742, 14, '2025-01-30'),
(743, 14, '2025-01-31'),
(744, 14, '2025-02-20'),
(745, 14, '2025-02-07'),
(746, 14, '2025-02-06'),
(747, 14, '2025-02-18'),
(748, 14, '2025-02-25'),
(749, 14, '2025-02-14'),
(750, 14, '2025-03-14'),
(751, 14, '2025-03-20'),
(752, 14, '2025-03-07'),
(753, 14, '2025-04-11'),
(754, 14, '2025-04-22'),
(755, 14, '2025-04-10'),
(756, 14, '2025-04-25'),
(757, 14, '2025-04-01'),
(758, 14, '2025-05-01'),
(759, 14, '2025-05-29'),
(760, 14, '2025-05-23'),
(761, 14, '2025-05-13'),
(762, 14, '2025-05-08'),
(763, 14, '2025-05-22'),
(764, 14, '2025-06-03'),
(765, 14, '2025-06-05'),
(766, 14, '2025-06-06'),
(767, 14, '2025-06-10'),
(768, 14, '2025-06-12'),
(769, 14, '2025-06-13'),
(770, 14, '2025-06-17'),
(771, 14, '2025-06-19'),
(772, 14, '2025-06-20'),
(773, 14, '2025-06-24'),
(774, 14, '2025-06-26'),
(775, 14, '2025-06-27'),
(776, 14, '2025-07-01'),
(777, 14, '2025-07-11'),
(778, 14, '2025-07-18'),
(779, 14, '2025-07-10'),
(780, 14, '2025-07-29'),
(781, 14, '2025-07-04'),
(782, 14, '2025-08-19'),
(783, 14, '2025-08-07'),
(784, 14, '2025-08-08'),
(785, 14, '2025-08-29'),
(786, 14, '2025-09-02'),
(787, 14, '2025-09-04'),
(788, 14, '2025-09-05'),
(789, 14, '2025-09-09'),
(790, 14, '2025-09-11'),
(791, 14, '2025-09-12'),
(792, 14, '2025-09-16'),
(793, 14, '2025-09-18'),
(794, 14, '2025-09-19'),
(795, 14, '2025-09-23'),
(796, 14, '2025-09-25'),
(797, 14, '2025-09-26'),
(798, 14, '2025-09-30'),
(799, 14, '2025-10-07'),
(800, 14, '2025-10-03'),
(801, 14, '2025-10-31'),
(802, 14, '2025-11-25'),
(803, 14, '2025-11-28'),
(804, 14, '2025-11-13'),
(805, 14, '2025-11-18'),
(806, 14, '2025-11-14'),
(807, 14, '2025-11-06'),
(808, 14, '2025-12-11'),
(809, 14, '2025-12-18'),
(810, 14, '2025-12-26'),
(811, 15, '2025-02-17'),
(812, 15, '2025-02-19'),
(813, 15, '2025-02-26'),
(814, 15, '2025-02-05'),
(815, 15, '2025-02-24'),
(816, 15, '2025-02-12'),
(817, 15, '2025-03-03'),
(818, 15, '2025-03-31'),
(819, 15, '2025-03-26'),
(820, 15, '2025-04-30'),
(821, 15, '2025-04-28'),
(822, 15, '2025-04-21'),
(823, 15, '2025-04-14'),
(824, 15, '2025-05-05'),
(825, 15, '2025-05-07'),
(826, 15, '2025-05-12'),
(827, 15, '2025-05-14'),
(828, 15, '2025-05-19'),
(829, 15, '2025-05-21'),
(830, 15, '2025-05-26'),
(831, 15, '2025-05-28'),
(832, 15, '2025-06-04'),
(833, 15, '2025-06-23'),
(834, 15, '2025-06-16'),
(835, 15, '2025-06-09'),
(836, 15, '2025-06-11'),
(837, 15, '2025-07-28'),
(838, 15, '2025-07-21'),
(839, 15, '2025-07-02'),
(840, 15, '2025-08-04'),
(841, 15, '2025-08-06'),
(842, 15, '2025-08-11'),
(843, 15, '2025-08-13'),
(844, 15, '2025-08-18'),
(845, 15, '2025-08-20'),
(846, 15, '2025-08-25'),
(847, 15, '2025-08-27'),
(848, 15, '2025-09-01'),
(849, 15, '2025-09-03'),
(850, 15, '2025-09-08'),
(851, 15, '2025-09-10'),
(852, 15, '2025-09-15'),
(853, 15, '2025-09-17'),
(854, 15, '2025-09-22'),
(855, 15, '2025-09-24'),
(856, 15, '2025-09-29'),
(857, 15, '2025-10-22'),
(858, 15, '2025-10-20'),
(859, 15, '2025-10-08'),
(860, 15, '2025-10-29'),
(861, 15, '2025-10-15'),
(862, 15, '2025-10-13'),
(863, 15, '2025-11-05'),
(864, 15, '2025-11-24'),
(865, 15, '2025-11-03'),
(866, 15, '2025-11-17'),
(867, 16, '2025-01-29'),
(868, 16, '2025-01-21'),
(869, 16, '2025-01-24'),
(870, 16, '2025-01-08'),
(871, 16, '2025-01-15'),
(872, 16, '2025-02-05'),
(873, 16, '2025-02-25'),
(874, 16, '2025-02-04'),
(875, 16, '2025-03-05'),
(876, 16, '2025-03-25'),
(877, 16, '2025-03-12'),
(878, 16, '2025-03-19'),
(879, 16, '2025-03-07'),
(880, 16, '2025-03-18'),
(881, 16, '2025-05-07'),
(882, 16, '2025-05-20'),
(883, 16, '2025-05-09'),
(884, 16, '2025-05-23'),
(885, 16, '2025-05-21'),
(886, 16, '2025-08-01'),
(887, 16, '2025-08-05'),
(888, 16, '2025-08-06'),
(889, 16, '2025-08-08'),
(890, 16, '2025-08-12'),
(891, 16, '2025-08-13'),
(892, 16, '2025-08-15'),
(893, 16, '2025-08-19'),
(894, 16, '2025-08-20'),
(895, 16, '2025-08-22'),
(896, 16, '2025-08-26'),
(897, 16, '2025-08-27'),
(898, 16, '2025-08-29'),
(899, 16, '2025-09-23'),
(900, 16, '2025-09-03'),
(901, 16, '2025-09-10'),
(902, 16, '2025-09-26'),
(903, 16, '2025-09-17'),
(904, 16, '2025-10-14'),
(905, 16, '2025-10-29'),
(906, 16, '2025-10-28'),
(907, 16, '2025-10-24'),
(908, 16, '2025-10-22'),
(909, 16, '2025-10-07'),
(910, 16, '2025-11-12'),
(911, 16, '2025-11-28'),
(912, 16, '2025-11-14'),
(913, 16, '2025-11-04'),
(914, 16, '2025-11-11'),
(915, 16, '2025-11-18'),
(916, 17, '2025-01-06'),
(917, 17, '2025-01-08'),
(918, 17, '2025-01-30'),
(919, 17, '2025-01-15'),
(920, 17, '2025-02-27'),
(921, 17, '2025-02-17'),
(922, 17, '2025-02-03'),
(923, 17, '2025-02-06'),
(924, 17, '2025-03-13'),
(925, 17, '2025-03-03'),
(926, 17, '2025-03-10'),
(927, 17, '2025-03-06'),
(928, 17, '2025-03-20'),
(929, 17, '2025-03-27'),
(930, 17, '2025-04-23'),
(931, 17, '2025-04-16'),
(932, 17, '2025-04-07'),
(933, 17, '2025-04-02'),
(934, 17, '2025-04-10'),
(935, 17, '2025-05-28'),
(936, 17, '2025-05-22'),
(937, 17, '2025-05-05'),
(938, 17, '2025-05-26'),
(939, 17, '2025-05-21'),
(940, 17, '2025-07-31'),
(941, 17, '2025-07-17'),
(942, 17, '2025-07-02'),
(943, 17, '2025-07-03'),
(944, 17, '2025-07-30'),
(945, 17, '2025-08-25'),
(946, 17, '2025-08-07'),
(947, 17, '2025-08-06'),
(948, 17, '2025-08-18'),
(949, 17, '2025-08-13'),
(950, 17, '2025-09-15'),
(951, 17, '2025-09-18'),
(952, 17, '2025-09-01'),
(953, 17, '2025-10-20'),
(954, 17, '2025-10-09'),
(955, 17, '2025-10-06'),
(956, 17, '2025-10-16'),
(957, 17, '2025-12-03'),
(958, 17, '2025-12-22'),
(959, 17, '2025-12-04'),
(960, 17, '2025-12-08'),
(961, 18, '2025-01-10'),
(962, 18, '2025-01-24'),
(963, 18, '2025-01-03'),
(964, 18, '2025-02-25'),
(965, 18, '2025-02-04'),
(966, 18, '2025-02-14'),
(967, 18, '2025-02-18'),
(968, 18, '2025-02-11'),
(969, 18, '2025-03-04'),
(970, 18, '2025-03-14'),
(971, 18, '2025-03-25'),
(972, 18, '2025-03-11'),
(973, 18, '2025-03-28'),
(974, 18, '2025-03-18'),
(975, 18, '2025-04-01'),
(976, 18, '2025-04-04'),
(977, 18, '2025-04-08'),
(978, 18, '2025-04-11'),
(979, 18, '2025-04-15'),
(980, 18, '2025-04-18'),
(981, 18, '2025-04-22'),
(982, 18, '2025-04-25'),
(983, 18, '2025-04-29'),
(984, 18, '2025-05-09'),
(985, 18, '2025-05-30'),
(986, 18, '2025-05-27'),
(987, 18, '2025-05-02'),
(988, 18, '2025-06-13'),
(989, 18, '2025-06-17'),
(990, 18, '2025-06-20'),
(991, 18, '2025-06-27'),
(992, 18, '2025-06-10'),
(993, 18, '2025-06-06'),
(994, 18, '2025-07-18'),
(995, 18, '2025-07-15'),
(996, 18, '2025-07-01'),
(997, 18, '2025-07-04'),
(998, 18, '2025-07-29'),
(999, 18, '2025-07-11'),
(1000, 18, '2025-08-12'),
(1001, 18, '2025-08-05'),
(1002, 18, '2025-08-15'),
(1003, 18, '2025-08-29'),
(1004, 18, '2025-09-09'),
(1005, 18, '2025-09-05'),
(1006, 18, '2025-09-26'),
(1007, 18, '2025-09-30'),
(1008, 18, '2025-10-03'),
(1009, 18, '2025-10-07'),
(1010, 18, '2025-10-10'),
(1011, 18, '2025-10-14'),
(1012, 18, '2025-10-17'),
(1013, 18, '2025-10-21'),
(1014, 18, '2025-10-24'),
(1015, 18, '2025-10-28'),
(1016, 18, '2025-10-31'),
(1017, 18, '2025-11-04'),
(1018, 18, '2025-11-07'),
(1019, 18, '2025-11-11'),
(1020, 18, '2025-11-14'),
(1021, 18, '2025-11-18'),
(1022, 18, '2025-11-21'),
(1023, 18, '2025-11-25'),
(1024, 18, '2025-11-28'),
(1025, 18, '2025-12-09'),
(1026, 18, '2025-12-26'),
(1027, 18, '2025-12-02'),
(1028, 18, '2025-12-16'),
(1029, 18, '2025-12-19'),
(1030, 18, '2025-12-05'),
(1031, 19, '2025-01-13'),
(1032, 19, '2025-01-27'),
(1033, 19, '2025-01-23'),
(1034, 19, '2025-02-14'),
(1035, 19, '2025-02-17'),
(1036, 19, '2025-02-20'),
(1037, 19, '2025-02-21'),
(1038, 19, '2025-03-03'),
(1039, 19, '2025-03-06'),
(1040, 19, '2025-03-07'),
(1041, 19, '2025-03-10'),
(1042, 19, '2025-03-13'),
(1043, 19, '2025-03-14'),
(1044, 19, '2025-03-17'),
(1045, 19, '2025-03-20'),
(1046, 19, '2025-03-21'),
(1047, 19, '2025-03-24'),
(1048, 19, '2025-03-27'),
(1049, 19, '2025-03-28'),
(1050, 19, '2025-03-31'),
(1051, 19, '2025-04-28'),
(1052, 19, '2025-04-21'),
(1053, 19, '2025-04-14'),
(1054, 19, '2025-05-26'),
(1055, 19, '2025-05-09'),
(1056, 19, '2025-05-08'),
(1057, 19, '2025-05-29'),
(1058, 19, '2025-05-23'),
(1059, 19, '2025-05-01'),
(1060, 19, '2025-06-12'),
(1061, 19, '2025-06-13'),
(1062, 19, '2025-06-05'),
(1063, 19, '2025-06-23'),
(1064, 19, '2025-06-20'),
(1065, 19, '2025-06-09'),
(1066, 19, '2025-07-24'),
(1067, 19, '2025-07-11'),
(1068, 19, '2025-07-21'),
(1069, 19, '2025-07-04'),
(1070, 19, '2025-08-01'),
(1071, 19, '2025-08-04'),
(1072, 19, '2025-08-07'),
(1073, 19, '2025-08-08'),
(1074, 19, '2025-08-11'),
(1075, 19, '2025-08-14'),
(1076, 19, '2025-08-15'),
(1077, 19, '2025-08-18'),
(1078, 19, '2025-08-21'),
(1079, 19, '2025-08-22'),
(1080, 19, '2025-08-25'),
(1081, 19, '2025-08-28'),
(1082, 19, '2025-08-29'),
(1083, 19, '2025-09-05'),
(1084, 19, '2025-09-01'),
(1085, 19, '2025-09-29'),
(1086, 19, '2025-09-15'),
(1087, 19, '2025-09-12'),
(1088, 19, '2025-09-19'),
(1089, 19, '2025-10-27'),
(1090, 19, '2025-10-13'),
(1091, 19, '2025-10-03'),
(1092, 19, '2025-10-31'),
(1093, 19, '2025-10-10'),
(1094, 19, '2025-11-03'),
(1095, 19, '2025-11-06'),
(1096, 19, '2025-11-07'),
(1097, 19, '2025-11-10'),
(1098, 19, '2025-11-13'),
(1099, 19, '2025-11-14'),
(1100, 19, '2025-11-17'),
(1101, 19, '2025-11-20'),
(1102, 19, '2025-11-21'),
(1103, 19, '2025-11-24'),
(1104, 19, '2025-11-27'),
(1105, 19, '2025-11-28'),
(1106, 19, '2025-12-01'),
(1107, 19, '2025-12-04'),
(1108, 19, '2025-12-25'),
(1109, 19, '2025-12-15'),
(1110, 19, '2025-12-19'),
(1111, 20, '2025-01-14'),
(1112, 20, '2025-01-21'),
(1113, 20, '2025-01-07'),
(1114, 20, '2025-01-28'),
(1115, 20, '2025-01-30'),
(1116, 20, '2025-01-02'),
(1117, 20, '2025-02-27'),
(1118, 20, '2025-02-13'),
(1119, 20, '2025-02-06'),
(1120, 20, '2025-02-20'),
(1121, 20, '2025-02-25'),
(1122, 20, '2025-02-04'),
(1123, 20, '2025-03-18'),
(1124, 20, '2025-03-06'),
(1125, 20, '2025-03-20'),
(1126, 20, '2025-03-11'),
(1127, 20, '2025-03-25'),
(1128, 20, '2025-04-01'),
(1129, 20, '2025-04-03'),
(1130, 20, '2025-04-08'),
(1131, 20, '2025-04-10'),
(1132, 20, '2025-04-15'),
(1133, 20, '2025-04-17'),
(1134, 20, '2025-04-22'),
(1135, 20, '2025-04-24'),
(1136, 20, '2025-04-29'),
(1137, 20, '2025-05-29'),
(1138, 20, '2025-05-27'),
(1139, 20, '2025-05-06'),
(1140, 20, '2025-05-15'),
(1141, 20, '2025-06-03'),
(1142, 20, '2025-06-26'),
(1143, 20, '2025-06-24'),
(1144, 20, '2025-06-12'),
(1145, 20, '2025-07-29'),
(1146, 20, '2025-07-10'),
(1147, 20, '2025-07-01'),
(1148, 20, '2025-07-15'),
(1149, 20, '2025-07-08'),
(1150, 20, '2025-08-19'),
(1151, 20, '2025-08-21'),
(1152, 20, '2025-08-14'),
(1153, 20, '2025-09-02'),
(1154, 20, '2025-09-04'),
(1155, 20, '2025-09-09'),
(1156, 20, '2025-09-11'),
(1157, 20, '2025-09-16'),
(1158, 20, '2025-09-18'),
(1159, 20, '2025-09-23'),
(1160, 20, '2025-09-25'),
(1161, 20, '2025-09-30'),
(1162, 20, '2025-10-07'),
(1163, 20, '2025-10-16'),
(1164, 20, '2025-10-09'),
(1165, 20, '2025-10-02'),
(1166, 20, '2025-10-21'),
(1167, 20, '2025-10-14'),
(1168, 20, '2025-11-13'),
(1169, 20, '2025-11-20'),
(1170, 20, '2025-11-04'),
(1171, 21, '2025-01-03'),
(1172, 21, '2025-01-13'),
(1173, 21, '2025-01-27'),
(1174, 21, '2025-01-15'),
(1175, 21, '2025-02-28'),
(1176, 21, '2025-02-21'),
(1177, 21, '2025-02-05'),
(1178, 21, '2025-02-17'),
(1179, 21, '2025-02-26'),
(1180, 21, '2025-02-12'),
(1181, 21, '2025-03-19'),
(1182, 21, '2025-03-07'),
(1183, 21, '2025-03-31'),
(1184, 21, '2025-04-02'),
(1185, 21, '2025-04-04'),
(1186, 21, '2025-04-07'),
(1187, 21, '2025-04-09'),
(1188, 21, '2025-04-11'),
(1189, 21, '2025-04-14'),
(1190, 21, '2025-04-16'),
(1191, 21, '2025-04-18'),
(1192, 21, '2025-04-21'),
(1193, 21, '2025-04-23'),
(1194, 21, '2025-04-25'),
(1195, 21, '2025-04-28'),
(1196, 21, '2025-04-30'),
(1197, 21, '2025-07-02'),
(1198, 21, '2025-07-16'),
(1199, 21, '2025-07-21'),
(1200, 21, '2025-08-01'),
(1201, 21, '2025-08-04'),
(1202, 21, '2025-08-06'),
(1203, 21, '2025-08-08'),
(1204, 21, '2025-08-11'),
(1205, 21, '2025-08-13'),
(1206, 21, '2025-08-15'),
(1207, 21, '2025-08-18'),
(1208, 21, '2025-08-20'),
(1209, 21, '2025-08-22'),
(1210, 21, '2025-08-25'),
(1211, 21, '2025-08-27'),
(1212, 21, '2025-08-29'),
(1213, 21, '2025-09-08'),
(1214, 21, '2025-09-17'),
(1215, 21, '2025-09-01'),
(1216, 21, '2025-10-17'),
(1217, 21, '2025-10-08'),
(1218, 21, '2025-10-13'),
(1219, 21, '2025-10-29'),
(1220, 21, '2025-11-26'),
(1221, 21, '2025-11-05'),
(1222, 21, '2025-11-28'),
(1223, 21, '2025-11-07'),
(1224, 21, '2025-11-14'),
(1225, 21, '2025-11-19'),
(1226, 21, '2025-12-05'),
(1227, 21, '2025-12-10'),
(1228, 21, '2025-12-31'),
(1229, 21, '2025-12-26'),
(1230, 21, '2025-12-01'),
(1231, 22, '2025-01-16'),
(1232, 22, '2025-01-30'),
(1233, 22, '2025-01-07'),
(1234, 22, '2025-01-14'),
(1235, 22, '2025-01-09'),
(1236, 22, '2025-02-04'),
(1237, 22, '2025-02-20'),
(1238, 22, '2025-02-18'),
(1239, 22, '2025-02-06'),
(1240, 22, '2025-03-06'),
(1241, 22, '2025-03-20'),
(1242, 22, '2025-03-04'),
(1243, 22, '2025-03-11'),
(1244, 22, '2025-04-03'),
(1245, 22, '2025-04-22'),
(1246, 22, '2025-04-17'),
(1247, 22, '2025-04-01'),
(1248, 22, '2025-05-01'),
(1249, 22, '2025-05-27'),
(1250, 22, '2025-05-15'),
(1251, 22, '2025-05-20'),
(1252, 22, '2025-06-26'),
(1253, 22, '2025-06-17'),
(1254, 22, '2025-06-24'),
(1255, 22, '2025-07-29'),
(1256, 22, '2025-07-17'),
(1257, 22, '2025-07-01'),
(1258, 22, '2025-07-31'),
(1259, 22, '2025-07-22'),
(1260, 22, '2025-07-08'),
(1261, 22, '2025-08-28'),
(1262, 22, '2025-08-21'),
(1263, 22, '2025-08-12'),
(1264, 22, '2025-08-26'),
(1265, 22, '2025-08-05'),
(1266, 22, '2025-09-02'),
(1267, 22, '2025-09-04'),
(1268, 22, '2025-09-09'),
(1269, 22, '2025-09-11'),
(1270, 22, '2025-09-16'),
(1271, 22, '2025-09-18'),
(1272, 22, '2025-09-23'),
(1273, 22, '2025-09-25'),
(1274, 22, '2025-09-30'),
(1275, 22, '2025-11-04'),
(1276, 22, '2025-11-06'),
(1277, 22, '2025-11-11'),
(1278, 22, '2025-11-13'),
(1279, 22, '2025-11-18'),
(1280, 22, '2025-11-20'),
(1281, 22, '2025-11-25'),
(1282, 22, '2025-11-27'),
(1283, 23, '2025-01-02'),
(1284, 23, '2025-01-03'),
(1285, 23, '2025-01-08'),
(1286, 23, '2025-01-09'),
(1287, 23, '2025-01-10'),
(1288, 23, '2025-01-15'),
(1289, 23, '2025-01-16'),
(1290, 23, '2025-01-17'),
(1291, 23, '2025-01-22'),
(1292, 23, '2025-01-23'),
(1293, 23, '2025-01-24'),
(1294, 23, '2025-01-29'),
(1295, 23, '2025-01-30'),
(1296, 23, '2025-01-31'),
(1297, 23, '2025-02-12'),
(1298, 23, '2025-02-19'),
(1299, 23, '2025-02-05'),
(1300, 23, '2025-02-06'),
(1301, 23, '2025-02-27'),
(1302, 23, '2025-02-20'),
(1303, 23, '2025-03-06'),
(1304, 23, '2025-03-26'),
(1305, 23, '2025-03-20'),
(1306, 23, '2025-04-25'),
(1307, 23, '2025-04-10'),
(1308, 23, '2025-04-09'),
(1309, 23, '2025-05-30'),
(1310, 23, '2025-05-23'),
(1311, 23, '2025-05-02'),
(1312, 23, '2025-05-28'),
(1313, 23, '2025-05-08'),
(1314, 23, '2025-05-15'),
(1315, 23, '2025-06-04'),
(1316, 23, '2025-06-05'),
(1317, 23, '2025-06-06'),
(1318, 23, '2025-06-11'),
(1319, 23, '2025-06-12'),
(1320, 23, '2025-06-13'),
(1321, 23, '2025-06-18'),
(1322, 23, '2025-06-19'),
(1323, 23, '2025-06-20'),
(1324, 23, '2025-06-25'),
(1325, 23, '2025-06-26'),
(1326, 23, '2025-06-27'),
(1327, 23, '2025-07-02'),
(1328, 23, '2025-07-03'),
(1329, 23, '2025-07-04'),
(1330, 23, '2025-07-09'),
(1331, 23, '2025-07-10'),
(1332, 23, '2025-07-11'),
(1333, 23, '2025-07-16'),
(1334, 23, '2025-07-17'),
(1335, 23, '2025-07-18'),
(1336, 23, '2025-07-23'),
(1337, 23, '2025-07-24'),
(1338, 23, '2025-07-25'),
(1339, 23, '2025-07-30'),
(1340, 23, '2025-07-31'),
(1341, 23, '2025-08-15'),
(1342, 23, '2025-08-27'),
(1343, 23, '2025-08-20'),
(1344, 23, '2025-08-06'),
(1345, 23, '2025-08-28'),
(1346, 23, '2025-09-25'),
(1347, 23, '2025-09-03'),
(1348, 23, '2025-09-04'),
(1349, 23, '2025-10-09'),
(1350, 23, '2025-10-24'),
(1351, 23, '2025-10-29'),
(1352, 23, '2025-10-10'),
(1353, 23, '2025-10-23'),
(1354, 23, '2025-10-16'),
(1355, 23, '2025-11-21'),
(1356, 23, '2025-11-13'),
(1357, 23, '2025-11-28'),
(1358, 23, '2025-11-27'),
(1359, 23, '2025-11-06'),
(1360, 23, '2025-12-24'),
(1361, 23, '2025-12-17'),
(1362, 23, '2025-12-10'),
(1363, 23, '2025-12-18'),
(1364, 23, '2025-12-04'),
(1365, 24, '2025-01-03'),
(1366, 24, '2025-01-06'),
(1367, 24, '2025-01-07'),
(1368, 24, '2025-01-10'),
(1369, 24, '2025-01-13'),
(1370, 24, '2025-01-14'),
(1371, 24, '2025-01-17'),
(1372, 24, '2025-01-20'),
(1373, 24, '2025-01-21'),
(1374, 24, '2025-01-24'),
(1375, 24, '2025-01-27'),
(1376, 24, '2025-01-28'),
(1377, 24, '2025-01-31'),
(1378, 24, '2025-02-18'),
(1379, 24, '2025-02-10'),
(1380, 24, '2025-02-28'),
(1381, 24, '2025-02-07'),
(1382, 24, '2025-03-21'),
(1383, 24, '2025-03-11'),
(1384, 24, '2025-03-24'),
(1385, 24, '2025-04-01'),
(1386, 24, '2025-04-07'),
(1387, 24, '2025-04-22'),
(1388, 24, '2025-04-08'),
(1389, 24, '2025-04-04'),
(1390, 24, '2025-05-02'),
(1391, 24, '2025-05-05'),
(1392, 24, '2025-05-06'),
(1393, 24, '2025-05-09'),
(1394, 24, '2025-05-12'),
(1395, 24, '2025-05-13'),
(1396, 24, '2025-05-16'),
(1397, 24, '2025-05-19'),
(1398, 24, '2025-05-20'),
(1399, 24, '2025-05-23'),
(1400, 24, '2025-05-26'),
(1401, 24, '2025-05-27'),
(1402, 24, '2025-05-30'),
(1403, 24, '2025-06-23'),
(1404, 24, '2025-06-24'),
(1405, 24, '2025-06-16'),
(1406, 24, '2025-06-17'),
(1407, 24, '2025-06-13'),
(1408, 24, '2025-06-06'),
(1409, 24, '2025-07-01'),
(1410, 24, '2025-07-04'),
(1411, 24, '2025-07-07'),
(1412, 24, '2025-07-08'),
(1413, 24, '2025-07-11'),
(1414, 24, '2025-07-14'),
(1415, 24, '2025-07-15'),
(1416, 24, '2025-07-18'),
(1417, 24, '2025-07-21'),
(1418, 24, '2025-07-22'),
(1419, 24, '2025-07-25'),
(1420, 24, '2025-07-28'),
(1421, 24, '2025-07-29'),
(1422, 24, '2025-08-05'),
(1423, 24, '2025-08-29'),
(1424, 24, '2025-08-26'),
(1425, 24, '2025-08-22'),
(1426, 24, '2025-09-23'),
(1427, 24, '2025-09-26'),
(1428, 24, '2025-09-12'),
(1429, 24, '2025-09-09'),
(1430, 24, '2025-09-30'),
(1431, 24, '2025-09-01'),
(1432, 24, '2025-10-31'),
(1433, 24, '2025-10-14'),
(1434, 24, '2025-10-24'),
(1435, 24, '2025-11-07'),
(1436, 24, '2025-11-28'),
(1437, 24, '2025-11-11'),
(1438, 24, '2025-11-21'),
(1439, 24, '2025-11-03'),
(1440, 24, '2025-12-05'),
(1441, 24, '2025-12-16'),
(1442, 24, '2025-12-15'),
(1443, 24, '2025-12-19'),
(1444, 24, '2025-12-01'),
(1445, 25, '2025-01-02'),
(1446, 25, '2025-01-03'),
(1447, 25, '2025-01-08'),
(1448, 25, '2025-01-09'),
(1449, 25, '2025-01-10'),
(1450, 25, '2025-01-15'),
(1451, 25, '2025-01-16'),
(1452, 25, '2025-01-17'),
(1453, 25, '2025-01-22'),
(1454, 25, '2025-01-23'),
(1455, 25, '2025-01-24'),
(1456, 25, '2025-01-29'),
(1457, 25, '2025-01-30'),
(1458, 25, '2025-01-31'),
(1459, 25, '2025-02-27'),
(1460, 25, '2025-02-21'),
(1461, 25, '2025-02-26'),
(1462, 25, '2025-03-07'),
(1463, 25, '2025-03-14'),
(1464, 25, '2025-03-20'),
(1465, 25, '2025-03-27'),
(1466, 25, '2025-04-11'),
(1467, 25, '2025-04-16'),
(1468, 25, '2025-04-30'),
(1469, 25, '2025-05-01'),
(1470, 25, '2025-05-02'),
(1471, 25, '2025-05-07'),
(1472, 25, '2025-05-08'),
(1473, 25, '2025-05-09'),
(1474, 25, '2025-05-14'),
(1475, 25, '2025-05-15'),
(1476, 25, '2025-05-16'),
(1477, 25, '2025-05-21'),
(1478, 25, '2025-05-22'),
(1479, 25, '2025-05-23'),
(1480, 25, '2025-05-28'),
(1481, 25, '2025-05-29'),
(1482, 25, '2025-05-30'),
(1483, 25, '2025-06-12'),
(1484, 25, '2025-06-25'),
(1485, 25, '2025-06-20'),
(1486, 25, '2025-07-30'),
(1487, 25, '2025-07-10'),
(1488, 25, '2025-07-04'),
(1489, 25, '2025-08-27'),
(1490, 25, '2025-08-06'),
(1491, 25, '2025-08-07'),
(1492, 25, '2025-08-22'),
(1493, 25, '2025-08-21'),
(1494, 25, '2025-08-08'),
(1495, 25, '2025-09-18'),
(1496, 25, '2025-09-11'),
(1497, 25, '2025-09-04'),
(1498, 25, '2025-10-31'),
(1499, 25, '2025-10-09'),
(1500, 25, '2025-10-02'),
(1501, 25, '2025-10-30'),
(1502, 25, '2025-10-01'),
(1503, 25, '2025-11-21'),
(1504, 25, '2025-11-27'),
(1505, 25, '2025-11-12'),
(1506, 25, '2025-12-11'),
(1507, 25, '2025-12-24'),
(1508, 25, '2025-12-18'),
(1509, 25, '2025-12-10'),
(1510, 26, '2025-02-24'),
(1511, 26, '2025-02-03'),
(1512, 26, '2025-02-25'),
(1513, 26, '2025-02-04'),
(1514, 26, '2025-02-11'),
(1515, 26, '2025-02-10'),
(1516, 26, '2025-03-11'),
(1517, 26, '2025-03-10'),
(1518, 26, '2025-03-17'),
(1519, 26, '2025-04-21'),
(1520, 26, '2025-04-14'),
(1521, 26, '2025-04-07'),
(1522, 26, '2025-05-20'),
(1523, 26, '2025-05-26'),
(1524, 26, '2025-05-05'),
(1525, 26, '2025-05-13'),
(1526, 26, '2025-06-09'),
(1527, 26, '2025-06-23'),
(1528, 26, '2025-06-30'),
(1529, 26, '2025-06-16'),
(1530, 26, '2025-06-02'),
(1531, 26, '2025-07-01'),
(1532, 26, '2025-07-07'),
(1533, 26, '2025-07-15'),
(1534, 26, '2025-07-22'),
(1535, 26, '2025-07-21'),
(1536, 26, '2025-07-14'),
(1537, 26, '2025-08-19'),
(1538, 26, '2025-08-18'),
(1539, 26, '2025-08-05'),
(1540, 26, '2025-09-01'),
(1541, 26, '2025-09-23'),
(1542, 26, '2025-09-16'),
(1543, 26, '2025-09-15'),
(1544, 26, '2025-09-08'),
(1545, 26, '2025-10-06'),
(1546, 26, '2025-10-07'),
(1547, 26, '2025-10-13'),
(1548, 26, '2025-10-14'),
(1549, 26, '2025-10-20'),
(1550, 26, '2025-10-21'),
(1551, 26, '2025-10-27'),
(1552, 26, '2025-10-28'),
(1553, 27, '2025-01-10'),
(1554, 27, '2025-01-24'),
(1555, 27, '2025-01-28'),
(1556, 27, '2025-01-17'),
(1557, 27, '2025-01-14'),
(1558, 27, '2025-01-21'),
(1559, 27, '2025-02-13'),
(1560, 27, '2025-02-04'),
(1561, 27, '2025-02-18'),
(1562, 27, '2025-02-28'),
(1563, 27, '2025-02-06'),
(1564, 27, '2025-03-04'),
(1565, 27, '2025-03-06'),
(1566, 27, '2025-03-07'),
(1567, 27, '2025-03-11'),
(1568, 27, '2025-03-13'),
(1569, 27, '2025-03-14'),
(1570, 27, '2025-03-18'),
(1571, 27, '2025-03-20'),
(1572, 27, '2025-03-21'),
(1573, 27, '2025-03-25'),
(1574, 27, '2025-03-27'),
(1575, 27, '2025-03-28'),
(1576, 27, '2025-04-01'),
(1577, 27, '2025-04-17'),
(1578, 27, '2025-04-29'),
(1579, 27, '2025-04-15'),
(1580, 27, '2025-04-25'),
(1581, 27, '2025-04-04'),
(1582, 27, '2025-05-27'),
(1583, 27, '2025-05-09'),
(1584, 27, '2025-05-01'),
(1585, 27, '2025-06-26'),
(1586, 27, '2025-06-27'),
(1587, 27, '2025-06-24'),
(1588, 27, '2025-06-20'),
(1589, 27, '2025-07-01'),
(1590, 27, '2025-07-03'),
(1591, 27, '2025-07-04'),
(1592, 27, '2025-07-08'),
(1593, 27, '2025-07-10'),
(1594, 27, '2025-07-11'),
(1595, 27, '2025-07-15'),
(1596, 27, '2025-07-17'),
(1597, 27, '2025-07-18'),
(1598, 27, '2025-07-22'),
(1599, 27, '2025-07-24'),
(1600, 27, '2025-07-25'),
(1601, 27, '2025-07-29'),
(1602, 27, '2025-07-31'),
(1603, 27, '2025-08-01'),
(1604, 27, '2025-08-05'),
(1605, 27, '2025-08-07'),
(1606, 27, '2025-08-08'),
(1607, 27, '2025-08-12'),
(1608, 27, '2025-08-14'),
(1609, 27, '2025-08-15'),
(1610, 27, '2025-08-19'),
(1611, 27, '2025-08-21'),
(1612, 27, '2025-08-22'),
(1613, 27, '2025-08-26'),
(1614, 27, '2025-08-28'),
(1615, 27, '2025-08-29'),
(1616, 27, '2025-09-23'),
(1617, 27, '2025-09-25'),
(1618, 27, '2025-09-02'),
(1619, 27, '2025-11-06'),
(1620, 27, '2025-11-27'),
(1621, 27, '2025-11-14'),
(1622, 27, '2025-12-09'),
(1623, 27, '2025-12-04'),
(1624, 27, '2025-12-11'),
(1625, 27, '2025-12-30'),
(1626, 28, '2025-03-14'),
(1627, 28, '2025-03-17'),
(1628, 28, '2025-03-26'),
(1629, 28, '2025-03-19'),
(1630, 28, '2025-03-27'),
(1631, 28, '2025-04-11'),
(1632, 28, '2025-04-30'),
(1633, 28, '2025-04-25'),
(1634, 28, '2025-04-18'),
(1635, 28, '2025-04-07'),
(1636, 28, '2025-06-13'),
(1637, 28, '2025-06-27'),
(1638, 28, '2025-06-26'),
(1639, 28, '2025-06-25'),
(1640, 28, '2025-06-05'),
(1641, 28, '2025-07-18'),
(1642, 28, '2025-07-30'),
(1643, 28, '2025-07-16'),
(1644, 28, '2025-07-25'),
(1645, 28, '2025-08-01'),
(1646, 28, '2025-08-29'),
(1647, 28, '2025-08-27'),
(1648, 28, '2025-09-01'),
(1649, 28, '2025-09-03'),
(1650, 28, '2025-09-04'),
(1651, 28, '2025-09-05'),
(1652, 28, '2025-09-08'),
(1653, 28, '2025-09-10'),
(1654, 28, '2025-09-11'),
(1655, 28, '2025-09-12'),
(1656, 28, '2025-09-15'),
(1657, 28, '2025-09-17'),
(1658, 28, '2025-09-18'),
(1659, 28, '2025-09-19'),
(1660, 28, '2025-09-22'),
(1661, 28, '2025-09-24'),
(1662, 28, '2025-09-25'),
(1663, 28, '2025-09-26'),
(1664, 28, '2025-09-29'),
(1665, 28, '2025-10-01'),
(1666, 28, '2025-10-13'),
(1667, 28, '2025-10-08'),
(1668, 28, '2025-10-15'),
(1669, 28, '2025-10-16'),
(1670, 28, '2025-10-17'),
(1671, 28, '2025-11-05'),
(1672, 28, '2025-11-07'),
(1673, 28, '2025-11-24'),
(1674, 28, '2025-11-17'),
(1675, 28, '2025-11-10'),
(1676, 28, '2025-12-04'),
(1677, 28, '2025-12-19'),
(1678, 28, '2025-12-12'),
(1679, 28, '2025-12-08'),
(1680, 28, '2025-12-29'),
(1681, 29, '2025-01-07'),
(1682, 29, '2025-01-10'),
(1683, 29, '2025-01-24'),
(1684, 29, '2025-02-21'),
(1685, 29, '2025-02-04'),
(1686, 29, '2025-02-14'),
(1687, 29, '2025-02-27'),
(1688, 29, '2025-06-26'),
(1689, 29, '2025-06-13'),
(1690, 29, '2025-06-06'),
(1691, 29, '2025-07-11'),
(1692, 29, '2025-07-04'),
(1693, 29, '2025-07-24'),
(1694, 29, '2025-07-10'),
(1695, 29, '2025-07-25'),
(1696, 29, '2025-07-08'),
(1697, 29, '2025-08-07'),
(1698, 29, '2025-08-26'),
(1699, 29, '2025-08-08'),
(1700, 29, '2025-08-05'),
(1701, 29, '2025-08-21'),
(1702, 29, '2025-08-22'),
(1703, 29, '2025-09-02'),
(1704, 29, '2025-09-04'),
(1705, 29, '2025-09-05'),
(1706, 29, '2025-09-09'),
(1707, 29, '2025-09-11'),
(1708, 29, '2025-09-12'),
(1709, 29, '2025-09-16'),
(1710, 29, '2025-09-18'),
(1711, 29, '2025-09-19'),
(1712, 29, '2025-09-23'),
(1713, 29, '2025-09-25'),
(1714, 29, '2025-09-26'),
(1715, 29, '2025-09-30'),
(1716, 29, '2025-10-02'),
(1717, 29, '2025-10-03'),
(1718, 29, '2025-10-07'),
(1719, 29, '2025-10-09'),
(1720, 29, '2025-10-10'),
(1721, 29, '2025-10-14'),
(1722, 29, '2025-10-16'),
(1723, 29, '2025-10-17'),
(1724, 29, '2025-10-21'),
(1725, 29, '2025-10-23'),
(1726, 29, '2025-10-24'),
(1727, 29, '2025-10-28'),
(1728, 29, '2025-10-30'),
(1729, 29, '2025-10-31'),
(1730, 29, '2025-11-27'),
(1731, 29, '2025-11-11'),
(1732, 29, '2025-11-20'),
(1733, 29, '2025-11-25'),
(1734, 29, '2025-11-06'),
(1735, 29, '2025-11-07'),
(1736, 29, '2025-12-16'),
(1737, 29, '2025-12-25'),
(1738, 29, '2025-12-19'),
(1739, 29, '2025-12-11'),
(1740, 29, '2025-12-02'),
(1741, 29, '2025-12-26'),
(1742, 30, '2025-01-29'),
(1743, 30, '2025-01-20'),
(1744, 30, '2025-01-08'),
(1745, 30, '2025-01-15'),
(1746, 30, '2025-01-13'),
(1747, 30, '2025-02-03'),
(1748, 30, '2025-02-05'),
(1749, 30, '2025-02-10'),
(1750, 30, '2025-02-12'),
(1751, 30, '2025-02-17'),
(1752, 30, '2025-02-19'),
(1753, 30, '2025-02-24'),
(1754, 30, '2025-02-26'),
(1755, 30, '2025-03-19'),
(1756, 30, '2025-03-03'),
(1757, 30, '2025-03-12'),
(1758, 30, '2025-03-05'),
(1759, 30, '2025-03-10'),
(1760, 30, '2025-03-31'),
(1761, 30, '2025-04-09'),
(1762, 30, '2025-04-30'),
(1763, 30, '2025-04-21'),
(1764, 30, '2025-05-12'),
(1765, 30, '2025-05-07'),
(1766, 30, '2025-05-05'),
(1767, 30, '2025-05-26'),
(1768, 30, '2025-05-28'),
(1769, 30, '2025-06-11'),
(1770, 30, '2025-06-23'),
(1771, 30, '2025-06-25'),
(1772, 30, '2025-07-02'),
(1773, 30, '2025-07-07'),
(1774, 30, '2025-07-09'),
(1775, 30, '2025-07-14'),
(1776, 30, '2025-07-16'),
(1777, 30, '2025-07-21'),
(1778, 30, '2025-07-23'),
(1779, 30, '2025-07-28'),
(1780, 30, '2025-07-30'),
(1781, 30, '2025-08-27'),
(1782, 30, '2025-08-18'),
(1783, 30, '2025-08-11'),
(1784, 30, '2025-09-17'),
(1785, 30, '2025-09-22'),
(1786, 30, '2025-09-29'),
(1787, 30, '2025-10-20'),
(1788, 30, '2025-10-01'),
(1789, 30, '2025-10-22'),
(1790, 30, '2025-11-17'),
(1791, 30, '2025-11-10'),
(1792, 30, '2025-11-19'),
(1793, 30, '2025-11-05'),
(1794, 30, '2025-11-12'),
(1795, 30, '2025-12-22'),
(1796, 30, '2025-12-17'),
(1797, 30, '2025-12-10'),
(1798, 31, '2025-01-23'),
(1799, 31, '2025-01-16'),
(1800, 31, '2025-01-03'),
(1801, 31, '2025-01-31'),
(1802, 31, '2025-03-28'),
(1803, 31, '2025-03-06'),
(1804, 31, '2025-03-20'),
(1805, 31, '2025-03-18'),
(1806, 31, '2025-03-27'),
(1807, 31, '2025-04-08'),
(1808, 31, '2025-04-29'),
(1809, 31, '2025-04-03'),
(1810, 31, '2025-05-15'),
(1811, 31, '2025-05-22'),
(1812, 31, '2025-05-20'),
(1813, 31, '2025-05-06'),
(1814, 31, '2025-05-13'),
(1815, 31, '2025-06-03'),
(1816, 31, '2025-06-05'),
(1817, 31, '2025-06-06'),
(1818, 31, '2025-06-10'),
(1819, 31, '2025-06-12'),
(1820, 31, '2025-06-13'),
(1821, 31, '2025-06-17'),
(1822, 31, '2025-06-19'),
(1823, 31, '2025-06-20'),
(1824, 31, '2025-06-24'),
(1825, 31, '2025-06-26'),
(1826, 31, '2025-06-27'),
(1827, 31, '2025-07-17'),
(1828, 31, '2025-07-10'),
(1829, 31, '2025-07-03'),
(1830, 31, '2025-09-02'),
(1831, 31, '2025-09-23'),
(1832, 31, '2025-09-25'),
(1833, 31, '2025-12-19'),
(1834, 31, '2025-12-16'),
(1835, 31, '2025-12-04'),
(1836, 32, '2025-01-30'),
(1837, 32, '2025-01-21'),
(1838, 32, '2025-01-13'),
(1839, 32, '2025-01-02'),
(1840, 32, '2025-02-18'),
(1841, 32, '2025-02-13'),
(1842, 32, '2025-02-24'),
(1843, 32, '2025-02-04'),
(1844, 32, '2025-02-10'),
(1845, 32, '2025-04-07'),
(1846, 32, '2025-04-17'),
(1847, 32, '2025-04-14'),
(1848, 32, '2025-04-01'),
(1849, 32, '2025-04-29'),
(1850, 32, '2025-04-28'),
(1851, 32, '2025-05-01'),
(1852, 32, '2025-05-19'),
(1853, 32, '2025-05-12'),
(1854, 32, '2025-06-23'),
(1855, 32, '2025-06-30'),
(1856, 32, '2025-06-19'),
(1857, 32, '2025-06-05'),
(1858, 32, '2025-07-08'),
(1859, 32, '2025-07-14'),
(1860, 32, '2025-07-07'),
(1861, 32, '2025-07-22'),
(1862, 32, '2025-07-03'),
(1863, 32, '2025-07-29'),
(1864, 32, '2025-08-25'),
(1865, 32, '2025-08-05'),
(1866, 32, '2025-08-04'),
(1867, 32, '2025-08-14'),
(1868, 32, '2025-10-02'),
(1869, 32, '2025-10-06'),
(1870, 32, '2025-10-07'),
(1871, 32, '2025-10-09'),
(1872, 32, '2025-10-13'),
(1873, 32, '2025-10-14'),
(1874, 32, '2025-10-16'),
(1875, 32, '2025-10-20'),
(1876, 32, '2025-10-21'),
(1877, 32, '2025-10-23'),
(1878, 32, '2025-10-27'),
(1879, 32, '2025-10-28'),
(1880, 32, '2025-10-30'),
(1881, 32, '2025-11-03'),
(1882, 32, '2025-11-04'),
(1883, 32, '2025-11-06'),
(1884, 32, '2025-11-10'),
(1885, 32, '2025-11-11'),
(1886, 32, '2025-11-13'),
(1887, 32, '2025-11-17'),
(1888, 32, '2025-11-18'),
(1889, 32, '2025-11-20'),
(1890, 32, '2025-11-24'),
(1891, 32, '2025-11-25'),
(1892, 32, '2025-11-27'),
(1893, 33, '2025-06-23'),
(1894, 34, '2025-06-25'),
(1895, 33, '2025-04-07'),
(1896, 33, '2025-04-08'),
(1897, 33, '2025-06-17'),
(1898, 34, '2025-04-23'),
(1899, 34, '2025-07-07'),
(1900, 34, '2025-07-08'),
(1901, 34, '2025-07-09'),
(1902, 34, '2025-03-10'),
(1903, 34, '2025-03-19'),
(1904, 33, '2025-05-12'),
(1905, 33, '2025-05-13');

-- --------------------------------------------------------

--
-- Table structure for table `clinics`
--

CREATE TABLE `clinics` (
  `id` int NOT NULL,
  `name` varchar(255) NOT NULL,
  `latitude` decimal(7,4) DEFAULT NULL,
  `longitude` decimal(7,4) DEFAULT NULL,
  `car_parking` enum('Yes','No') CHARACTER SET utf8mb4 COLLATE utf8mb4_0900_ai_ci NOT NULL,
  `disabled_access` enum('Yes','No') CHARACTER SET utf8mb4 COLLATE utf8mb4_0900_ai_ci NOT NULL
) ENGINE=InnoDB DEFAULT CHARSET=utf8mb4 COLLATE=utf8mb4_0900_ai_ci;

--
-- Dumping data for table `clinics`
--

INSERT INTO `clinics` (`id`, `name`, `latitude`, `longitude`, `car_parking`, `disabled_access`) VALUES
(1, 'Riverside ENT Clinic', '52.6369', '-1.1398', 'Yes', 'Yes'),
(2, 'Oakwood ENT Centre', '52.5200', '-1.1700', 'No', 'Yes'),
(3, 'Elmwood Medical Hub', '52.7400', '-1.2100', 'Yes', 'No'),
(4, 'Haven ENT Clinic', '52.9225', '-1.4746', 'Yes', 'Yes'),
(5, 'Meadowlands Health Point', '52.9500', '-1.4835', 'No', 'Yes'),
(6, 'Hillside ENT Centre', '52.9548', '-1.1581', 'Yes', 'No'),
(7, 'Valley View Clinic', '52.9830', '-1.2148', 'Yes', 'Yes'),
(8, 'Lakeside ENT Clinic', '52.9340', '-1.1426', 'No', 'Yes'),
(9, 'Lboro Clinic', '52.7733', '-1.2260', 'No', 'Yes');

-- --------------------------------------------------------

--
-- Table structure for table `consultants`
--

CREATE TABLE `consultants` (
  `id` int NOT NULL,
  `name` varchar(255) NOT NULL,
  `consultation_fee` decimal(10,2) NOT NULL,
  `speciality_id` int NOT NULL,
  `clinic_id` int NOT NULL
) ENGINE=InnoDB DEFAULT CHARSET=utf8mb4 COLLATE=utf8mb4_0900_ai_ci;

--
-- Dumping data for table `consultants`
--

INSERT INTO `consultants` (`id`, `name`, `consultation_fee`, `speciality_id`, `clinic_id`) VALUES
(1, 'Dr. Aisha Khan', '150.00', 1, 1),
(2, 'Dr. Wei Zhang', '140.00', 1, 1),
(3, 'Dr. Carlos Gonzalez', '120.00', 2, 1),
(4, 'Dr. John Doe', '160.00', 4, 2),
(5, 'Dr. Emily Davis', '140.00', 5, 2),
(6, 'Dr. Suresh Patel', '150.00', 4, 2),
(7, 'Dr. Fatima Al-Amin', '130.00', 1, 2),
(8, 'Dr. Laura White', '170.00', 1, 3),
(9, 'Dr. Rohan Mehta', '160.00', 1, 3),
(10, 'Dr. Nguyen Tran', '130.00', 2, 3),
(11, 'Dr. Mia Scott', '190.00', 3, 3),
(12, 'Dr. Benjamin Harris', '180.00', 3, 4),
(13, 'Dr. Akira Yamamoto', '220.00', 6, 4),
(14, 'Dr. James Clark', '160.00', 5, 4),
(15, 'Dr. Fiona Baker', '140.00', 2, 4),
(16, 'Dr. Maria Santos', '170.00', 4, 4),
(17, 'Dr. Amara Okafor', '130.00', 2, 5),
(18, 'Dr. Daniel Walker', '140.00', 4, 5),
(19, 'Dr. Grace Hall', '150.00', 2, 5),
(20, 'Dr. Ethan Taylor', '135.00', 5, 5),
(21, 'Dr. William Allen', '140.00', 5, 6),
(22, 'Dr. Priya Sharma', '170.00', 3, 6),
(23, 'Dr. Abdullah Youssef', '200.00', 6, 6),
(24, 'Dr. Isabella King', '160.00', 4, 7),
(25, 'Dr. Jack Wright', '140.00', 1, 7),
(26, 'Dr. Amelia Turner', '125.00', 4, 7),
(27, 'Dr. Ahmed Hassan', '135.00', 2, 7),
(28, 'Dr. Lucas Green', '220.00', 6, 8),
(29, 'Dr. Li Wei', '180.00', 3, 8),
(30, 'Dr. Miguel Rodriguez', '140.00', 5, 8),
(31, 'Dr. Ethan Moore', '175.00', 3, 8),
(32, 'Dr. Zainab Karim', '165.00', 3, 8),
(33, 'Dr. Hassan Nev', '250.00', 7, 9),
(34, 'Dr. Yan Lee', '150.00', 7, 6);

-- --------------------------------------------------------

--
-- Table structure for table `consultant_schedule`
--

CREATE TABLE `consultant_schedule` (
  `id` int NOT NULL,
  `consultant_id` int NOT NULL,
  `weekday` tinyint NOT NULL
) ENGINE=InnoDB DEFAULT CHARSET=utf8mb4 COLLATE=utf8mb4_0900_ai_ci;

--
-- Dumping data for table `consultant_schedule`
--

INSERT INTO `consultant_schedule` (`id`, `consultant_id`, `weekday`) VALUES
(1, 1, 0),
(2, 1, 1),
(3, 1, 3),
(4, 2, 2),
(5, 2, 3),
(6, 3, 0),
(7, 3, 1),
(8, 3, 4),
(9, 4, 0),
(10, 4, 2),
(11, 4, 3),
(12, 5, 1),
(13, 5, 3),
(14, 5, 4),
(15, 6, 0),
(16, 6, 2),
(17, 6, 4),
(18, 7, 1),
(19, 7, 3),
(20, 8, 2),
(21, 8, 3),
(22, 8, 4),
(23, 9, 0),
(24, 9, 1),
(25, 9, 3),
(26, 9, 4),
(27, 10, 1),
(28, 10, 3),
(29, 11, 0),
(30, 11, 1),
(31, 11, 4),
(32, 12, 2),
(33, 12, 3),
(34, 12, 4),
(35, 13, 0),
(36, 13, 2),
(37, 13, 4),
(38, 14, 1),
(39, 14, 3),
(40, 14, 4),
(41, 15, 0),
(42, 15, 2),
(43, 16, 1),
(44, 16, 2),
(45, 16, 4),
(46, 17, 0),
(47, 17, 2),
(48, 17, 3),
(49, 18, 1),
(50, 18, 4),
(51, 19, 0),
(52, 19, 3),
(53, 19, 4),
(54, 20, 1),
(55, 20, 3),
(56, 21, 0),
(57, 21, 2),
(58, 21, 4),
(59, 22, 1),
(60, 22, 3),
(61, 23, 2),
(62, 23, 3),
(63, 23, 4),
(64, 24, 0),
(65, 24, 1),
(66, 24, 4),
(67, 25, 2),
(68, 25, 3),
(69, 25, 4),
(70, 26, 0),
(71, 26, 1),
(72, 27, 1),
(73, 27, 3),
(74, 27, 4),
(75, 28, 0),
(76, 28, 2),
(77, 28, 3),
(78, 28, 4),
(79, 29, 1),
(80, 29, 3),
(81, 29, 4),
(82, 30, 0),
(83, 30, 2),
(84, 31, 1),
(85, 31, 3),
(86, 31, 4),
(87, 32, 0),
(88, 32, 1),
(89, 32, 3),
(90, 33, 0),
(91, 33, 1),
(92, 34, 0),
(93, 34, 2),
(94, 34, 1);

-- --------------------------------------------------------

--
-- Table structure for table `reviews`
--

CREATE TABLE `reviews` (
  `id` int NOT NULL,
  `consultant_id` int NOT NULL,
  `feedback` varchar(255) DEFAULT NULL,
  `recommend` enum('Yes','No') NOT NULL,
  `score` tinyint NOT NULL
) ;

--
-- Dumping data for table `reviews`
--

INSERT INTO `reviews` (`id`, `consultant_id`, `feedback`, `recommend`, `score`) VALUES
(1, 1, 'Helpful but lacked follow-up.', 'No', 2),
(2, 1, 'Could be more punctual.', 'No', 3),
(3, 1, 'Good but a bit rushed.', 'No', 1),
(4, 1, 'Satisfied with the consultation.', 'Yes', 3),
(5, 1, 'Good experience overall.', 'Yes', 4),
(6, 2, 'Professional and friendly.', 'Yes', 5),
(7, 2, 'Provided excellent guidance and support.', 'Yes', 5),
(8, 2, 'Excellent service and very professional.', 'Yes', 5),
(9, 2, 'Helpful and knowledgeable.', 'Yes', 5),
(10, 2, 'Great experience, highly recommend!', 'Yes', 5),
(11, 2, 'Good but a bit rushed.', 'No', 4),
(12, 2, 'Very helpful.', 'Yes', 5),
(13, 2, 'Satisfied with the consultation.', 'Yes', 4),
(14, 3, 'Could improve on communication.', 'No', 3),
(15, 3, 'Good but a bit rushed.', 'No', 3),
(16, 3, 'Satisfied with the consultation.', 'Yes', 4),
(17, 3, 'Helpful and knowledgeable.', 'Yes', 5),
(18, 3, 'Excellent service and very professional.', 'Yes', 5),
(19, 3, 'Could be more punctual.', 'Yes', 4),
(20, 3, 'Good experience overall.', 'Yes', 4),
(21, 4, 'Average experience.', 'No', 2),
(22, 4, 'Not as helpful as expected.', 'No', 1),
(23, 4, 'Could be more punctual.', 'No', 4),
(24, 4, 'Good experience overall.', 'No', 4),
(25, 4, 'Helpful but lacked follow-up.', 'No', 1),
(26, 4, 'Helpful and knowledgeable.', 'Yes', 5),
(27, 4, 'Needs to be more approachable.', 'No', 2),
(28, 4, 'Good but a bit rushed.', 'No', 1),
(29, 5, 'Average experience.', 'No', 1),
(30, 5, 'Satisfied with the consultation.', 'No', 4),
(31, 5, 'Great experience, highly recommend!', 'Yes', 4),
(32, 5, 'Good experience overall.', 'No', 4),
(33, 5, 'Not as helpful as expected.', 'No', 1),
(34, 5, 'Needs to be more approachable.', 'No', 1),
(35, 5, 'Could improve on communication.', 'No', 1),
(36, 5, 'Very patient and understanding.', 'Yes', 4),
(37, 6, 'Excellent service and very professional.', 'Yes', 5),
(38, 6, 'Great experience, highly recommend!', 'Yes', 5),
(39, 6, 'Professional and friendly.', 'Yes', 5),
(40, 7, 'Clear and precise advice.', 'Yes', 4),
(41, 7, 'Very patient and understanding.', 'Yes', 4),
(42, 7, 'Could be more punctual.', 'Yes', 4),
(43, 8, 'Good experience overall.', 'Yes', 4),
(44, 8, 'Could improve on communication.', 'No', 1),
(45, 8, 'Could be more punctual.', 'No', 4),
(46, 8, 'Excellent service and very professional.', 'Yes', 5),
(47, 8, 'Satisfied with the consultation.', 'No', 4),
(48, 8, 'Very patient and understanding.', 'Yes', 4),
(49, 8, 'Professional and friendly.', 'Yes', 5),
(50, 8, 'Not as helpful as expected.', 'No', 1),
(51, 9, 'Helpful and knowledgeable.', 'Yes', 4),
(52, 9, 'Not as helpful as expected.', 'No', 1),
(53, 9, 'Average experience.', 'No', 1),
(54, 9, 'Clear and precise advice.', 'No', 3),
(55, 9, 'Excellent service and very professional.', 'Yes', 5),
(56, 9, 'Very patient and understanding.', 'Yes', 4),
(57, 10, 'Clear and precise advice.', 'No', 3),
(58, 10, 'Not as helpful as expected.', 'No', 1),
(59, 10, 'Could improve on communication.', 'No', 1),
(60, 10, 'Very patient and understanding.', 'Yes', 4),
(61, 10, 'Needs to be more approachable.', 'No', 1),
(62, 10, 'Average experience.', 'No', 2),
(63, 10, 'Satisfied with the consultation.', 'No', 3),
(64, 10, 'Could be more punctual.', 'No', 3),
(65, 11, 'Not as helpful as expected.', 'No', 1),
(66, 11, 'Needs to be more approachable.', 'No', 1),
(67, 11, 'Great experience, highly recommend!', 'Yes', 5),
(68, 11, 'Average experience.', 'No', 2),
(69, 11, 'The session was too rushed.', 'No', 1),
(70, 12, 'Very patient and understanding.', 'Yes', 5),
(71, 12, 'Needs to be more approachable.', 'No', 1),
(72, 12, 'Helpful but lacked follow-up.', 'No', 2),
(73, 12, 'Satisfied with the consultation.', 'Yes', 4),
(74, 12, 'Great experience, highly recommend!', 'Yes', 4),
(75, 12, 'Average experience.', 'No', 1),
(76, 12, 'Excellent service and very professional.', 'Yes', 5),
(77, 12, 'Good experience overall.', 'Yes', 4),
(78, 12, 'Could be more punctual.', 'Yes', 4),
(79, 13, 'Satisfied with the consultation.', 'Yes', 5),
(80, 13, 'Great experience, highly recommend!', 'Yes', 4),
(81, 13, 'Good experience overall.', 'No', 4),
(82, 13, 'Could be more punctual.', 'Yes', 3),
(83, 14, 'Very patient and understanding.', 'Yes', 5),
(84, 14, 'Not as helpful as expected.', 'No', 1),
(85, 14, 'Helpful and knowledgeable.', 'Yes', 4),
(86, 14, 'Helpful but lacked follow-up.', 'No', 1),
(87, 14, 'Professional and friendly.', 'Yes', 4),
(88, 14, 'Good but a bit rushed.', 'No', 2),
(89, 14, 'Satisfied with the consultation.', 'Yes', 3),
(90, 15, 'Good but a bit rushed.', 'No', 3),
(91, 15, 'Helpful and knowledgeable.', 'Yes', 5),
(92, 15, 'Great experience, highly recommend!', 'Yes', 4),
(93, 15, 'Very patient and understanding.', 'Yes', 5),
(94, 15, 'Could improve on communication.', 'No', 3),
(95, 15, 'Not as helpful as expected.', 'No', 3),
(96, 15, 'Excellent service and very professional.', 'Yes', 4),
(97, 15, 'Clear and precise advice.', 'Yes', 4),
(98, 16, 'Good experience overall.', 'No', 3),
(99, 16, 'Not as helpful as expected.', 'No', 1),
(100, 16, 'Could be more punctual.', 'No', 3),
(101, 16, 'Satisfied with the consultation.', 'Yes', 4),
(102, 16, 'Average experience.', 'No', 1),
(103, 16, 'Very patient and understanding.', 'Yes', 4),
(104, 16, 'Needs to be more approachable.', 'No', 2),
(105, 16, 'Clear and precise advice.', 'Yes', 3),
(106, 16, 'Could improve on communication.', 'No', 2),
(107, 16, 'Helpful and knowledgeable.', 'Yes', 5),
(108, 17, 'Excellent service and very professional.', 'Yes', 5),
(109, 17, 'Not as helpful as expected.', 'No', 2),
(110, 17, 'Could be more punctual.', 'Yes', 4),
(111, 17, 'Satisfied with the consultation.', 'Yes', 3),
(112, 17, 'Clear and precise advice.', 'Yes', 4),
(113, 17, 'Good but a bit rushed.', 'No', 2),
(114, 17, 'Helpful but lacked follow-up.', 'No', 2),
(115, 18, 'Excellent service and very professional.', 'Yes', 5),
(116, 18, 'Great experience, highly recommend!', 'Yes', 4),
(117, 18, 'Helpful but lacked follow-up.', 'No', 2),
(118, 18, 'Good experience overall.', 'No', 4),
(119, 18, 'Could improve on communication.', 'No', 1),
(120, 19, 'Could improve on communication.', 'No', 1),
(121, 19, 'Helpful but lacked follow-up.', 'No', 3),
(122, 19, 'Could be more punctual.', 'Yes', 3),
(123, 19, 'Average experience.', 'No', 3),
(124, 19, 'Too rushed and lacked detail.', 'No', 1),
(125, 19, 'Below expectations.', 'No', 2),
(126, 19, 'Needs to be more approachable.', 'No', 2),
(127, 20, 'Helpful and knowledgeable.', 'Yes', 5),
(128, 20, 'Not as helpful as expected.', 'No', 2),
(129, 20, 'Very patient and understanding.', 'Yes', 4),
(130, 20, 'Average experience.', 'No', 2),
(131, 20, 'Satisfied with the consultation.', 'Yes', 3),
(132, 20, 'Good experience overall.', 'No', 4),
(133, 21, 'Very patient and understanding.', 'Yes', 5),
(134, 21, 'Provided excellent guidance and support.', 'Yes', 5),
(135, 21, 'Good but a bit rushed.', 'No', 3),
(136, 21, 'Helpful and knowledgeable.', 'Yes', 4),
(137, 21, 'Great experience, highly recommend!', 'Yes', 5),
(138, 21, 'Professional and friendly.', 'Yes', 5),
(139, 21, 'Clear and precise advice.', 'Yes', 4),
(140, 21, 'Good experience overall.', 'Yes', 4),
(141, 21, 'Helpful but lacked follow-up.', 'Yes', 4),
(142, 21, 'Satisfied with the consultation.', 'Yes', 5),
(143, 22, 'Good experience overall.', 'Yes', 4),
(144, 22, 'Not as helpful as expected.', 'No', 3),
(145, 22, 'Helpful but lacked follow-up.', 'No', 3),
(146, 22, 'Clear and precise advice.', 'No', 4),
(147, 22, 'Satisfied with the consultation.', 'No', 4),
(148, 22, 'Needs to be more approachable.', 'No', 2),
(149, 22, 'Helpful and knowledgeable.', 'Yes', 4),
(150, 22, 'Excellent service and very professional.', 'Yes', 5),
(151, 22, 'Average experience.', 'No', 1),
(152, 23, 'Professional and friendly.', 'Yes', 4),
(153, 23, 'The session was too rushed.', 'No', 2),
(154, 23, 'Could improve on communication.', 'No', 2),
(155, 23, 'Not as helpful as expected.', 'No', 2),
(156, 23, 'Needs to be more approachable.', 'No', 1),
(157, 24, 'Great experience, highly recommend!', 'Yes', 4),
(158, 24, 'Helpful and knowledgeable.', 'Yes', 5),
(159, 24, 'Professional and friendly.', 'Yes', 4),
(160, 24, 'Provided excellent guidance and support.', 'Yes', 5),
(161, 24, 'Average experience.', 'No', 3),
(162, 24, 'Satisfied with the consultation.', 'Yes', 4),
(163, 24, 'Helpful but lacked follow-up.', 'Yes', 3),
(164, 25, 'The session was too rushed.', 'No', 1),
(165, 25, 'Helpful but lacked follow-up.', 'No', 1),
(166, 25, 'Average experience.', 'No', 1),
(167, 25, 'Needs to be more approachable.', 'No', 1),
(168, 25, 'Could be more punctual.', 'No', 3),
(169, 25, 'Could improve on communication.', 'No', 1),
(170, 25, 'Good but a bit rushed.', 'No', 2),
(171, 25, 'Clear and precise advice.', 'Yes', 3),
(172, 25, 'Good experience overall.', 'No', 3),
(173, 26, 'Excellent service and very professional.', 'Yes', 5),
(174, 26, 'Average experience.', 'No', 1),
(175, 26, 'Good but a bit rushed.', 'No', 2),
(176, 26, 'Professional and friendly.', 'Yes', 5),
(177, 27, 'Good but a bit rushed.', 'No', 2),
(178, 27, 'Could improve on communication.', 'No', 1),
(179, 27, 'Professional and friendly.', 'Yes', 5),
(180, 27, 'Satisfied with the consultation.', 'Yes', 4),
(181, 27, 'Helpful but lacked follow-up.', 'No', 1),
(182, 27, 'Great experience, highly recommend!', 'Yes', 5),
(183, 27, 'Average experience.', 'No', 2),
(184, 27, 'Excellent service and very professional.', 'Yes', 5),
(185, 28, 'Could be more punctual.', 'No', 3),
(186, 28, 'Good but a bit rushed.', 'No', 2),
(187, 28, 'Average experience.', 'No', 2),
(188, 28, 'Great experience, highly recommend!', 'Yes', 4),
(189, 29, 'Clear and precise advice.', 'Yes', 4),
(190, 29, 'Could be more punctual.', 'No', 4),
(191, 29, 'Helpful but lacked follow-up.', 'No', 4),
(192, 29, 'Not as helpful as expected.', 'No', 3),
(193, 29, 'Very patient and understanding.', 'Yes', 5),
(194, 29, 'Excellent service and very professional.', 'Yes', 5),
(195, 29, 'Great experience, highly recommend!', 'Yes', 4),
(196, 29, 'Good experience overall.', 'No', 4),
(197, 29, 'Professional and friendly.', 'Yes', 5),
(198, 30, 'Helpful but lacked follow-up.', 'No', 1),
(199, 30, 'Average experience.', 'No', 2),
(200, 30, 'Good but a bit rushed.', 'No', 1),
(201, 30, 'Needs to be more approachable.', 'No', 2),
(202, 30, 'Clear and precise advice.', 'No', 4),
(203, 30, 'Great experience, highly recommend!', 'Yes', 4),
(204, 30, 'Excellent service and very professional.', 'Yes', 5),
(205, 31, 'Could be more punctual.', 'No', 4),
(206, 31, 'Helpful and knowledgeable.', 'Yes', 4),
(207, 31, 'Good but a bit rushed.', 'No', 2),
(208, 31, 'Satisfied with the consultation.', 'Yes', 4),
(209, 31, 'Very patient and understanding.', 'Yes', 4),
(210, 31, 'Could improve on communication.', 'No', 1),
(211, 31, 'Not as helpful as expected.', 'No', 1),
(212, 31, 'Good experience overall.', 'No', 3),
(213, 31, 'Average experience.', 'No', 1),
(214, 32, 'Good experience overall.', 'Yes', 4),
(215, 32, 'Great experience, highly recommend!', 'Yes', 5),
(216, 32, 'Excellent service and very professional.', 'Yes', 4),
(217, 32, 'Very patient and understanding.', 'Yes', 5),
(218, 32, 'Needs to be more approachable.', 'Yes', 4),
(219, 33, 'Clear, detailed, and reassuring throughout', 'Yes', 5),
(220, 33, 'Professional, efficient, and easy to understand', 'Yes', 4),
(221, 33, 'Helpful, informative, and well-organised.', 'Yes', 5),
(222, 33, 'key information wasn\'t clearly explained.', 'No', 3),
(223, 34, 'Rushed Consultation', 'Yes', 4),
(224, 34, 'Lacked clarity in explaining the condition and next steps.', 'No', 2),
(225, 34, 'The consultation felt rushed, with minimal engagement.', 'No', 2);

-- --------------------------------------------------------

--
-- Table structure for table `specialities`
--

CREATE TABLE `specialities` (
  `id` int NOT NULL,
  `speciality` varchar(255) CHARACTER SET utf8mb4 COLLATE utf8mb4_0900_ai_ci NOT NULL,
  `description` varchar(255) NOT NULL
) ENGINE=InnoDB DEFAULT CHARSET=utf8mb4 COLLATE=utf8mb4_0900_ai_ci;

--
-- Dumping data for table `specialities`
--

INSERT INTO `specialities` (`id`, `speciality`, `description`) VALUES
(1, 'Otology', 'Ear and balance'),
(2, 'Rhinology', 'Nose and sinuses'),
(3, 'Laryngology', 'Voice and swallowing disorders'),
(4, 'Paediatric ENT', 'Children-specific ENT conditions'),
(5, 'Allergy', 'ENT-related allergic conditions'),
(6, 'Head and Neck Surgery', 'Cancer and complex surgeries'),
(7, 'Obstructive Sleep Apnoea', 'Sleep-related breathing disorders');

--
-- Indexes for dumped tables
--

--
-- Indexes for table `bookings`
--
ALTER TABLE `bookings`
  ADD PRIMARY KEY (`id`);

--
-- Indexes for table `clinics`
--
ALTER TABLE `clinics`
  ADD PRIMARY KEY (`id`);

--
-- Indexes for table `consultants`
--
ALTER TABLE `consultants`
  ADD PRIMARY KEY (`id`);

--
-- Indexes for table `consultant_schedule`
--
ALTER TABLE `consultant_schedule`
  ADD PRIMARY KEY (`id`);

--
-- Indexes for table `reviews`
--
ALTER TABLE `reviews`
  ADD PRIMARY KEY (`id`);

--
-- Indexes for table `specialities`
--
ALTER TABLE `specialities`
  ADD PRIMARY KEY (`id`),
  ADD UNIQUE KEY `name` (`speciality`);

--
-- AUTO_INCREMENT for dumped tables
--

--
-- AUTO_INCREMENT for table `bookings`
--
ALTER TABLE `bookings`
  MODIFY `id` int NOT NULL AUTO_INCREMENT, AUTO_INCREMENT=1906;

--
-- AUTO_INCREMENT for table `clinics`
--
ALTER TABLE `clinics`
  MODIFY `id` int NOT NULL AUTO_INCREMENT, AUTO_INCREMENT=10;

--
-- AUTO_INCREMENT for table `consultants`
--
ALTER TABLE `consultants`
  MODIFY `id` int NOT NULL AUTO_INCREMENT, AUTO_INCREMENT=35;

--
-- AUTO_INCREMENT for table `consultant_schedule`
--
ALTER TABLE `consultant_schedule`
  MODIFY `id` int NOT NULL AUTO_INCREMENT, AUTO_INCREMENT=95;

--
-- AUTO_INCREMENT for table `reviews`
--
ALTER TABLE `reviews`
  MODIFY `id` int NOT NULL AUTO_INCREMENT;

--
-- AUTO_INCREMENT for table `specialities`
--
ALTER TABLE `specialities`
  MODIFY `id` int NOT NULL AUTO_INCREMENT, AUTO_INCREMENT=8;
COMMIT;

/*!40101 SET CHARACTER_SET_CLIENT=@OLD_CHARACTER_SET_CLIENT */;
/*!40101 SET CHARACTER_SET_RESULTS=@OLD_CHARACTER_SET_RESULTS */;
/*!40101 SET COLLATION_CONNECTION=@OLD_COLLATION_CONNECTION */;
